Data,ERS,Municipio,Infectados,Recuperados,Obitos,Total
14/03/2020,Baixada Cuiabana,Cuiaba,1,0,0,1
15/03/2020,Baixada Cuiabana,Cuiaba,1,0,0,1
16/03/2020,Baixada Cuiabana,Cuiaba,2,0,0,2
16/03/2020,Baixada Cuiabana,Varzea Grande,1,0,0,1
17/03/2020,Baixada Cuiabana,Cuiaba,3,0,0,3
17/03/2020,Baixada Cuiabana,Varzea Grande,1,0,0,1
18/03/2020,Baixada Cuiabana,Cuiaba,5,0,0,5
18/03/2020,Baixada Cuiabana,Varzea Grande,1,0,0,1
19/03/2020,Baixada Cuiabana,Cuiaba,5,0,0,5
19/03/2020,Baixada Cuiabana,Varzea Grande,1,0,0,1
20/03/2020,Baixada Cuiabana,Cuiaba,6,0,0,6
20/03/2020,Baixada Cuiabana,Varzea Grande,2,0,0,2
21/03/2020,Baixada Cuiabana,Cuiaba,6,0,0,6
21/03/2020,Baixada Cuiabana,Varzea Grande,2,0,0,2
22/03/2020,Baixada Cuiabana,Cuiaba,6,0,0,6
22/03/2020,Baixada Cuiabana,Varzea Grande,2,0,0,2
23/03/2020,Baixada Cuiabana,Cuiaba,6,0,0,6
23/03/2020,Baixada Cuiabana,Varzea Grande,2,0,0,2
24/03/2020,Baixada Cuiabana,Cuiaba,8,0,0,8
24/03/2020,Alta Floresta,Nova Monte Verde,1,0,0,1
24/03/2020,Baixada Cuiabana,Varzea Grande,2,0,0,2
25/03/2020,Baixada Cuiabana,Cuiaba,8,0,0,8
25/03/2020,Alta Floresta,Nova Monte Verde,1,0,0,1
25/03/2020,Baixada Cuiabana,Varzea Grande,2,0,0,2
26/03/2020,Baixada Cuiabana,Cuiaba,8,0,0,8
26/03/2020,Alta Floresta,Nova Monte Verde,1,0,0,1
26/03/2020,Baixada Cuiabana,Varzea Grande,2,0,0,2
27/03/2020,Baixada Cuiabana,Cuiaba,8,0,0,8
27/03/2020,Alta Floresta,Nova Monte Verde,1,0,0,1
27/03/2020,Baixada Cuiabana,Varzea Grande,2,0,0,2
28/03/2020,Baixada Cuiabana,Cuiaba,8,0,0,8
28/03/2020,Alta Floresta,Nova Monte Verde,1,0,0,1
28/03/2020,Baixada Cuiabana,Varzea Grande,2,0,0,2
29/03/2020,Baixada Cuiabana,Cuiaba,8,0,0,8
29/03/2020,Alta Floresta,Nova Monte Verde,1,0,0,1
29/03/2020,Baixada Cuiabana,Varzea Grande,2,0,0,2
30/03/2020,Baixada Cuiabana,Cuiaba,12,0,0,12
30/03/2020,Alta Floresta,Nova Monte Verde,1,0,0,1
30/03/2020,Rondonopolis,Rondonopolis,3,0,0,3
30/03/2020,Baixada Cuiabana,Varzea Grande,2,0,0,2
31/03/2020,Baixada Cuiabana,Cuiaba,18,0,0,18
31/03/2020,Alta Floresta,Nova Monte Verde,1,0,0,1
31/03/2020,Rondonopolis,Rondonopolis,4,0,0,4
31/03/2020,Baixada Cuiabana,Varzea Grande,2,0,0,2
01/04/2020,Baixada Cuiabana,Cuiaba,19,0,0,19
01/04/2020,Alta Floresta,Nova Monte Verde,1,0,0,1
01/04/2020,Rondonopolis,Rondonopolis,5,0,0,5
01/04/2020,Tangara da Serra,Tangara da Serra,1,0,0,1
01/04/2020,Baixada Cuiabana,Varzea Grande,2,0,0,2
02/04/2020,Baixada Cuiabana,Cuiaba,25,0,0,25
02/04/2020,Sinop,Lucas do Rio Verde,1,0,0,1
02/04/2020,Alta Floresta,Nova Monte Verde,1,0,0,1
02/04/2020,Rondonopolis,Rondonopolis,5,0,0,5
02/04/2020,Sinop,Sinop,3,0,0,3
02/04/2020,Tangara da Serra,Tangara da Serra,2,0,0,2
02/04/2020,Baixada Cuiabana,Varzea Grande,4,0,0,4
03/04/2020,Baixada Cuiabana,Cuiaba,25,0,0,25
03/04/2020,Sinop,Lucas do Rio Verde,0,0,1,1
03/04/2020,Alta Floresta,Nova Monte Verde,1,0,0,1
03/04/2020,Rondonopolis,Rondonopolis,6,0,0,6
03/04/2020,Sinop,Sinop,3,0,0,3
03/04/2020,Tangara da Serra,Tangara da Serra,4,0,0,4
03/04/2020,Baixada Cuiabana,Varzea Grande,4,0,0,4
04/04/2020,Tangara da Serra,Campo Novo do Parecis,1,0,0,1
04/04/2020,Baixada Cuiabana,Cuiaba,37,0,0,37
04/04/2020,Sinop,Lucas do Rio Verde,0,0,1,1
04/04/2020,Alta Floresta,Nova Monte Verde,1,0,0,1
04/04/2020,Sinop,Nova Mutum,1,0,0,1
04/04/2020,Rondonopolis,Rondonopolis,6,0,0,6
04/04/2020,Sinop,Sinop,3,0,0,3
04/04/2020,Tangara da Serra,Tangara da Serra,4,0,0,4
04/04/2020,Baixada Cuiabana,Varzea Grande,4,0,0,4
05/04/2020,Tangara da Serra,Campo Novo do Parecis,1,0,0,1
05/04/2020,Baixada Cuiabana,Cuiaba,38,0,0,38
05/04/2020,Sinop,Lucas do Rio Verde,0,0,1,1
05/04/2020,Alta Floresta,Nova Monte Verde,1,0,0,1
05/04/2020,Sinop,Nova Mutum,1,0,0,1
05/04/2020,Rondonopolis,Rondonopolis,6,0,0,6
05/04/2020,Sinop,Sinop,3,0,0,3
05/04/2020,Tangara da Serra,Tangara da Serra,4,0,0,4
05/04/2020,Baixada Cuiabana,Varzea Grande,4,0,0,4
06/04/2020,Alta Floresta,Alta Floresta,1,0,0,1
06/04/2020,Juina,Aripuana,1,0,0,1
06/04/2020,Caceres,Caceres,2,0,0,2
06/04/2020,Tangara da Serra,Campo Novo do Parecis,1,0,0,1
06/04/2020,Agua Boa,Canarana,1,0,0,1
06/04/2020,Baixada Cuiabana,Cuiaba,43,0,0,43
06/04/2020,Sinop,Lucas do Rio Verde,0,0,1,1
06/04/2020,Alta Floresta,Nova Monte Verde,1,0,0,1
06/04/2020,Sinop,Nova Mutum,1,0,0,1
06/04/2020,Rondonopolis,Rondonopolis,6,0,0,6
06/04/2020,Caceres,Sao Jose dos Quatro Marcos,2,0,0,2
06/04/2020,Sinop,Sinop,4,0,0,4
06/04/2020,Tangara da Serra,Tangara da Serra,4,0,0,4
06/04/2020,Sinop,Uniao do Sul,1,0,0,1
06/04/2020,Baixada Cuiabana,Varzea Grande,5,0,0,5
07/04/2020,Alta Floresta,Alta Floresta,1,0,0,1
07/04/2020,Juina,Aripuana,1,0,0,1
07/04/2020,Caceres,Caceres,2,0,0,2
07/04/2020,Tangara da Serra,Campo Novo do Parecis,1,0,0,1
07/04/2020,Agua Boa,Canarana,1,0,0,1
07/04/2020,Baixada Cuiabana,Cuiaba,43,0,0,43
07/04/2020,Sinop,Lucas do Rio Verde,0,0,1,1
07/04/2020,Alta Floresta,Nova Monte Verde,1,0,0,1
07/04/2020,Sinop,Nova Mutum,1,0,0,1
07/04/2020,Rondonopolis,Primavera do Leste,1,0,0,1
07/04/2020,Rondonopolis,Rondonopolis,6,0,0,6
07/04/2020,Caceres,Sao Jose dos Quatro Marcos,2,0,0,2
07/04/2020,Sinop,Sinop,4,0,0,4
07/04/2020,Tangara da Serra,Tangara da Serra,4,0,0,4
07/04/2020,Sinop,Uniao do Sul,1,0,0,1
07/04/2020,Baixada Cuiabana,Varzea Grande,5,0,0,5
08/04/2020,Alta Floresta,Alta Floresta,1,0,0,1
08/04/2020,Juina,Aripuana,1,0,0,1
08/04/2020,Caceres,Caceres,1,0,1,2
08/04/2020,Tangara da Serra,Campo Novo do Parecis,1,0,0,1
08/04/2020,Agua Boa,Canarana,1,0,0,1
08/04/2020,Baixada Cuiabana,Cuiaba,50,0,0,50
08/04/2020,Caceres,Lambari do Oeste,1,0,0,1
08/04/2020,Sinop,Lucas do Rio Verde,0,0,1,1
08/04/2020,Alta Floresta,Nova Monte Verde,1,0,0,1
08/04/2020,Sinop,Nova Mutum,1,0,0,1
08/04/2020,Rondonopolis,Primavera do Leste,1,0,0,1
08/04/2020,Rondonopolis,Rondonopolis,7,0,0,7
08/04/2020,Caceres,Sao Jose dos Quatro Marcos,2,0,0,2
08/04/2020,Sinop,Sinop,6,0,0,6
08/04/2020,Tangara da Serra,Tangara da Serra,5,0,0,5
08/04/2020,Sinop,Uniao do Sul,1,0,0,1
08/04/2020,Baixada Cuiabana,Varzea Grande,6,0,0,6
09/04/2020,Alta Floresta,Alta Floresta,1,0,0,1
09/04/2020,Juina,Aripuana,1,0,0,1
09/04/2020,Caceres,Caceres,1,0,1,2
09/04/2020,Tangara da Serra,Campo Novo do Parecis,1,0,0,1
09/04/2020,Agua Boa,Canarana,1,0,0,1
09/04/2020,Baixada Cuiabana,Cuiaba,58,0,0,58
09/04/2020,Caceres,Lambari do Oeste,1,0,0,1
09/04/2020,Sinop,Lucas do Rio Verde,0,0,1,1
09/04/2020,Alta Floresta,Nova Monte Verde,1,0,0,1
09/04/2020,Sinop,Nova Mutum,1,0,0,1
09/04/2020,Rondonopolis,Primavera do Leste,1,0,0,1
09/04/2020,Rondonopolis,Rondonopolis,11,0,0,11
09/04/2020,Caceres,Sao Jose dos Quatro Marcos,2,0,0,2
09/04/2020,Sinop,Sinop,11,0,0,11
09/04/2020,Tangara da Serra,Tangara da Serra,5,0,0,5
09/04/2020,Sinop,Uniao do Sul,1,0,0,1
09/04/2020,Baixada Cuiabana,Varzea Grande,6,0,0,6
10/04/2020,Alta Floresta,Alta Floresta,1,0,0,1
10/04/2020,Juina,Aripuana,2,0,0,2
10/04/2020,Caceres,Caceres,1,0,1,2
10/04/2020,Tangara da Serra,Campo Novo do Parecis,1,0,0,1
10/04/2020,Agua Boa,Canarana,1,0,0,1
10/04/2020,Baixada Cuiabana,Cuiaba,60,0,0,60
10/04/2020,Caceres,Lambari do Oeste,1,0,0,1
10/04/2020,Sinop,Lucas do Rio Verde,0,0,1,1
10/04/2020,Alta Floresta,Nova Monte Verde,1,0,0,1
10/04/2020,Sinop,Nova Mutum,1,0,0,1
10/04/2020,Rondonopolis,Primavera do Leste,1,0,0,1
10/04/2020,Rondonopolis,Rondonopolis,12,0,0,12
10/04/2020,Caceres,Sao Jose dos Quatro Marcos,2,0,0,2
10/04/2020,Sinop,Sinop,11,0,0,11
10/04/2020,Tangara da Serra,Tangara da Serra,5,0,0,5
10/04/2020,Sinop,Uniao do Sul,1,0,0,1
10/04/2020,Baixada Cuiabana,Varzea Grande,6,0,0,6
11/04/2020,Alta Floresta,Alta Floresta,1,0,0,1
11/04/2020,Juina,Aripuana,2,0,0,2
11/04/2020,Caceres,Caceres,1,0,1,2
11/04/2020,Tangara da Serra,Campo Novo do Parecis,1,0,0,1
11/04/2020,Agua Boa,Canarana,1,0,0,1
11/04/2020,Baixada Cuiabana,Cuiaba,64,0,0,64
11/04/2020,Caceres,Lambari do Oeste,1,0,0,1
11/04/2020,Sinop,Lucas do Rio Verde,0,0,1,1
11/04/2020,Alta Floresta,Nova Monte Verde,1,0,0,1
11/04/2020,Sinop,Nova Mutum,1,0,0,1
11/04/2020,Rondonopolis,Primavera do Leste,1,0,0,1
11/04/2020,Rondonopolis,Rondonopolis,17,0,0,17
11/04/2020,Caceres,Sao Jose dos Quatro Marcos,2,0,0,2
11/04/2020,Sinop,Sinop,11,0,0,11
11/04/2020,Tangara da Serra,Tangara da Serra,5,0,0,5
11/04/2020,Sinop,Uniao do Sul,1,0,0,1
11/04/2020,Baixada Cuiabana,Varzea Grande,6,0,0,6
12/04/2020,Alta Floresta,Alta Floresta,1,0,0,1
12/04/2020,Juina,Aripuana,2,0,0,2
12/04/2020,Caceres,Caceres,1,0,1,2
12/04/2020,Tangara da Serra,Campo Novo do Parecis,1,0,0,1
12/04/2020,Agua Boa,Canarana,1,0,0,1
12/04/2020,Baixada Cuiabana,Cuiaba,64,0,0,64
12/04/2020,Caceres,Lambari do Oeste,1,0,0,1
12/04/2020,Sinop,Lucas do Rio Verde,0,0,1,1
12/04/2020,Alta Floresta,Nova Monte Verde,1,0,0,1
12/04/2020,Sinop,Nova Mutum,1,0,0,1
12/04/2020,Rondonopolis,Primavera do Leste,1,0,0,1
12/04/2020,Rondonopolis,Rondonopolis,19,0,0,19
12/04/2020,Caceres,Sao Jose dos Quatro Marcos,2,0,0,2
12/04/2020,Sinop,Sinop,11,0,0,11
12/04/2020,Tangara da Serra,Tangara da Serra,5,0,0,5
12/04/2020,Sinop,Uniao do Sul,1,0,0,1
12/04/2020,Baixada Cuiabana,Varzea Grande,6,0,0,6
13/04/2020,Alta Floresta,Alta Floresta,1,0,0,1
13/04/2020,Juina,Aripuana,2,0,0,2
13/04/2020,Caceres,Caceres,1,0,1,2
13/04/2020,Tangara da Serra,Campo Novo do Parecis,1,0,0,1
13/04/2020,Agua Boa,Canarana,1,0,0,1
13/04/2020,Baixada Cuiabana,Cuiaba,72,0,0,72
13/04/2020,Caceres,Lambari do Oeste,1,0,0,1
13/04/2020,Sinop,Lucas do Rio Verde,0,0,1,1
13/04/2020,Alta Floresta,Nova Monte Verde,1,0,0,1
13/04/2020,Sinop,Nova Mutum,1,0,0,1
13/04/2020,Rondonopolis,Primavera do Leste,1,0,0,1
13/04/2020,Rondonopolis,Rondonopolis,21,0,1,22
13/04/2020,Caceres,Sao Jose dos Quatro Marcos,2,0,0,2
13/04/2020,Sinop,Sinop,11,0,0,11
13/04/2020,Tangara da Serra,Tangara da Serra,5,0,0,5
13/04/2020,Sinop,Uniao do Sul,1,0,0,1
13/04/2020,Baixada Cuiabana,Varzea Grande,6,0,0,6
14/04/2020,Alta Floresta,Alta Floresta,1,0,0,1
14/04/2020,Juina,Aripuana,0,1,1,2
14/04/2020,Caceres,Caceres,1,0,1,2
14/04/2020,Tangara da Serra,Campo Novo do Parecis,1,0,0,1
14/04/2020,Agua Boa,Canarana,1,0,0,1
14/04/2020,Baixada Cuiabana,Cuiaba,48,27,0,75
14/04/2020,Caceres,Lambari do Oeste,1,0,0,1
14/04/2020,Sinop,Lucas do Rio Verde,0,0,1,1
14/04/2020,Alta Floresta,Nova Monte Verde,0,1,0,1
14/04/2020,Sinop,Nova Mutum,1,0,0,1
14/04/2020,Rondonopolis,Primavera do Leste,1,0,0,1
14/04/2020,Rondonopolis,Rondonopolis,21,0,1,22
14/04/2020,Caceres,Sao Jose dos Quatro Marcos,2,0,0,2
14/04/2020,Sinop,Sinop,11,0,0,11
14/04/2020,Tangara da Serra,Tangara da Serra,5,0,0,5
14/04/2020,Sinop,Uniao do Sul,1,0,0,1
14/04/2020,Baixada Cuiabana,Varzea Grande,4,2,0,6
15/04/2020,Alta Floresta,Alta Floresta,0,1,0,1
15/04/2020,Juina,Aripuana,0,1,1,2
15/04/2020,Caceres,Caceres,0,1,1,2
15/04/2020,Tangara da Serra,Campo Novo do Parecis,1,0,0,1
15/04/2020,Agua Boa,Canarana,0,1,0,1
15/04/2020,Pontes e Lacerda,Conquista do Oeste,1,0,0,1
15/04/2020,Baixada Cuiabana,Cuiaba,51,28,0,79
15/04/2020,Caceres,Lambari do Oeste,1,0,0,1
15/04/2020,Sinop,Lucas do Rio Verde,0,0,1,1
15/04/2020,Alta Floresta,Nova Monte Verde,0,1,0,1
15/04/2020,Sinop,Nova Mutum,0,1,0,1
15/04/2020,Pontes e Lacerda,Pontes e Lacerda,1,0,0,1
15/04/2020,Rondonopolis,Primavera do Leste,4,0,0,4
15/04/2020,Rondonopolis,Rondonopolis,19,3,1,23
15/04/2020,Caceres,Sao Jose dos Quatro Marcos,4,0,0,4
15/04/2020,Sinop,Sinop,8,3,0,11
15/04/2020,Tangara da Serra,Tangara da Serra,5,0,0,5
15/04/2020,Sinop,Uniao do Sul,1,0,0,1
15/04/2020,Baixada Cuiabana,Varzea Grande,5,2,0,7
16/04/2020,Alta Floresta,Alta Floresta,0,1,0,1
16/04/2020,Juina,Aripuana,0,1,1,2
16/04/2020,Caceres,Caceres,0,1,1,2
16/04/2020,Tangara da Serra,Campo Novo do Parecis,1,0,0,1
16/04/2020,Agua Boa,Canarana,0,1,0,1
16/04/2020,Pontes e Lacerda,Conquista do Oeste,1,0,0,1
16/04/2020,Baixada Cuiabana,Cuiaba,53,29,1,83
16/04/2020,Caceres,Lambari do Oeste,1,0,0,1
16/04/2020,Sinop,Lucas do Rio Verde,0,0,1,1
16/04/2020,Alta Floresta,Nova Monte Verde,0,1,0,1
16/04/2020,Sinop,Nova Mutum,0,1,0,1
16/04/2020,Pontes e Lacerda,Pontes e Lacerda,1,0,0,1
16/04/2020,Rondonopolis,Primavera do Leste,4,0,0,4
16/04/2020,Rondonopolis,Rondonopolis,19,3,1,23
16/04/2020,Caceres,Sao Jose dos Quatro Marcos,2,2,0,4
16/04/2020,Sinop,Sinop,9,3,0,12
16/04/2020,Tangara da Serra,Tangara da Serra,5,0,0,5
16/04/2020,Sinop,Uniao do Sul,0,1,0,1
16/04/2020,Baixada Cuiabana,Varzea Grande,5,2,0,7
17/04/2020,Alta Floresta,Alta Floresta,0,1,0,1
17/04/2020,Juina,Aripuana,0,1,1,2
17/04/2020,Caceres,Caceres,0,1,1,2
17/04/2020,Tangara da Serra,Campo Novo do Parecis,0,1,0,1
17/04/2020,Agua Boa,Canarana,0,1,0,1
17/04/2020,Pontes e Lacerda,Conquista do Oeste,1,0,0,1
17/04/2020,Baixada Cuiabana,Cuiaba,58,29,1,88
17/04/2020,Caceres,Lambari do Oeste,0,1,0,1
17/04/2020,Sinop,Lucas do Rio Verde,0,0,1,1
17/04/2020,Alta Floresta,Nova Monte Verde,0,1,0,1
17/04/2020,Sinop,Nova Mutum,0,1,0,1
17/04/2020,Pontes e Lacerda,Pontes e Lacerda,1,0,0,1
17/04/2020,Rondonopolis,Primavera do Leste,4,1,0,5
17/04/2020,Rondonopolis,Rondonopolis,20,3,1,24
17/04/2020,Caceres,Sao Jose dos Quatro Marcos,2,2,0,4
17/04/2020,Sinop,Sinop,9,3,0,12
17/04/2020,Tangara da Serra,Tangara da Serra,0,5,0,5
17/04/2020,Sinop,Uniao do Sul,0,1,0,1
17/04/2020,Baixada Cuiabana,Varzea Grande,3,4,0,7
18/04/2020,Alta Floresta,Alta Floresta,0,1,0,1
18/04/2020,Juina,Aripuana,0,1,1,2
18/04/2020,Barra do Garcas,Barra do Garcas,1,0,0,1
18/04/2020,Caceres,Caceres,1,1,1,3
18/04/2020,Tangara da Serra,Campo Novo do Parecis,0,1,0,1
18/04/2020,Agua Boa,Canarana,0,1,0,1
18/04/2020,Pontes e Lacerda,Conquista do Oeste,1,0,0,1
18/04/2020,Baixada Cuiabana,Cuiaba,41,49,1,91
18/04/2020,Sinop,Ipiranga do Norte,1,0,0,1
18/04/2020,Caceres,Lambari do Oeste,0,1,0,1
18/04/2020,Sinop,Lucas do Rio Verde,0,0,1,1
18/04/2020,Caceres,Mirassol do Oeste,1,0,0,1
18/04/2020,Alta Floresta,Nova Monte Verde,0,1,0,1
18/04/2020,Sinop,Nova Mutum,0,1,0,1
18/04/2020,Pontes e Lacerda,Pontes e Lacerda,1,0,0,1
18/04/2020,Rondonopolis,Primavera do Leste,4,1,0,5
18/04/2020,Rondonopolis,Rondonopolis,20,3,1,24
18/04/2020,Caceres,Sao Jose dos Quatro Marcos,2,2,0,4
18/04/2020,Sinop,Sinop,10,3,0,13
18/04/2020,Tangara da Serra,Tangara da Serra,0,5,0,5
18/04/2020,Sinop,Uniao do Sul,0,1,0,1
18/04/2020,Baixada Cuiabana,Varzea Grande,3,5,0,8
19/04/2020,Alta Floresta,Alta Floresta,0,1,0,1
19/04/2020,Juina,Aripuana,0,1,1,2
19/04/2020,Barra do Garcas,Barra do Garcas,1,0,0,1
19/04/2020,Caceres,Caceres,2,1,1,4
19/04/2020,Tangara da Serra,Campo Novo do Parecis,0,1,0,1
19/04/2020,Agua Boa,Canarana,0,1,0,1
19/04/2020,Pontes e Lacerda,Conquista do Oeste,1,0,0,1
19/04/2020,Baixada Cuiabana,Cuiaba,42,49,1,92
19/04/2020,Sinop,Ipiranga do Norte,1,0,0,1
19/04/2020,Caceres,Lambari do Oeste,0,1,0,1
19/04/2020,Sinop,Lucas do Rio Verde,0,0,1,1
19/04/2020,Caceres,Mirassol do Oeste,1,0,0,1
19/04/2020,Alta Floresta,Nova Monte Verde,0,1,0,1
19/04/2020,Sinop,Nova Mutum,0,1,0,1
19/04/2020,Pontes e Lacerda,Pontes e Lacerda,1,0,0,1
19/04/2020,Rondonopolis,Primavera do Leste,4,1,0,5
19/04/2020,Rondonopolis,Rondonopolis,20,3,1,24
19/04/2020,Caceres,Sao Jose dos Quatro Marcos,2,2,0,4
19/04/2020,Sinop,Sinop,10,3,0,13
19/04/2020,Tangara da Serra,Tangara da Serra,0,5,0,5
19/04/2020,Sinop,Uniao do Sul,0,1,0,1
19/04/2020,Baixada Cuiabana,Varzea Grande,3,6,0,9
20/04/2020,Alta Floresta,Alta Floresta,0,1,0,1
20/04/2020,Juina,Aripuana,0,1,1,2
20/04/2020,Barra do Garcas,Barra do Garcas,2,0,1,3
20/04/2020,Caceres,Caceres,2,1,1,4
20/04/2020,Tangara da Serra,Campo Novo do Parecis,0,1,0,1
20/04/2020,Agua Boa,Canarana,0,1,0,1
20/04/2020,Pontes e Lacerda,Conquista do Oeste,1,0,0,1
20/04/2020,Baixada Cuiabana,Cuiaba,46,49,1,96
20/04/2020,Sinop,Ipiranga do Norte,1,0,0,1
20/04/2020,Caceres,Lambari do Oeste,0,1,0,1
20/04/2020,Sinop,Lucas do Rio Verde,0,0,1,1
20/04/2020,Caceres,Mirassol do Oeste,1,0,0,1
20/04/2020,Alta Floresta,Nova Monte Verde,0,1,0,1
20/04/2020,Sinop,Nova Mutum,0,1,0,1
20/04/2020,Pontes e Lacerda,Pontes e Lacerda,1,0,0,1
20/04/2020,Rondonopolis,Primavera do Leste,4,1,0,5
20/04/2020,Rondonopolis,Rondonopolis,17,6,1,24
20/04/2020,Caceres,Sao Jose dos Quatro Marcos,2,2,0,4
20/04/2020,Sinop,Sinop,3,10,0,13
20/04/2020,Tangara da Serra,Tangara da Serra,0,5,0,5
20/04/2020,Sinop,Uniao do Sul,0,1,0,1
20/04/2020,Baixada Cuiabana,Varzea Grande,3,6,0,9
20/04/2020,Pontes e Lacerda,Vila Bela da Santissima Trindade,1,0,0,1
21/04/2020,Alta Floresta,Alta Floresta,0,1,0,1
21/04/2020,Juina,Aripuana,0,1,1,2
21/04/2020,Barra do Garcas,Barra do Garcas,2,0,1,3
21/04/2020,Caceres,Caceres,2,1,1,4
21/04/2020,Tangara da Serra,Campo Novo do Parecis,0,1,0,1
21/04/2020,Agua Boa,Canarana,0,1,0,1
21/04/2020,Pontes e Lacerda,Conquista do Oeste,1,0,0,1
21/04/2020,Baixada Cuiabana,Cuiaba,46,49,1,96
21/04/2020,Sinop,Ipiranga do Norte,1,0,0,1
21/04/2020,Caceres,Lambari do Oeste,0,1,0,1
21/04/2020,Sinop,Lucas do Rio Verde,0,0,1,1
21/04/2020,Caceres,Mirassol do Oeste,1,0,0,1
21/04/2020,Alta Floresta,Nova Monte Verde,0,1,0,1
21/04/2020,Sinop,Nova Mutum,0,1,0,1
21/04/2020,Pontes e Lacerda,Pontes e Lacerda,1,0,0,1
21/04/2020,Rondonopolis,Primavera do Leste,4,1,0,5
21/04/2020,Rondonopolis,Rondonopolis,24,6,1,31
21/04/2020,Caceres,Sao Jose dos Quatro Marcos,2,2,0,4
21/04/2020,Sinop,Sinop,3,10,0,13
21/04/2020,Tangara da Serra,Tangara da Serra,0,5,0,5
21/04/2020,Sinop,Uniao do Sul,0,1,0,1
21/04/2020,Baixada Cuiabana,Varzea Grande,3,6,0,9
21/04/2020,Pontes e Lacerda,Vila Bela da Santissima Trindade,1,0,0,1
22/04/2020,Alta Floresta,Alta Floresta,0,1,0,1
22/04/2020,Juina,Aripuana,0,1,1,2
22/04/2020,Barra do Garcas,Barra do Garcas,2,0,1,3
22/04/2020,Caceres,Caceres,2,1,1,4
22/04/2020,Tangara da Serra,Campo Novo do Parecis,0,1,0,1
22/04/2020,Agua Boa,Canarana,0,1,0,1
22/04/2020,Pontes e Lacerda,Conquista do Oeste,1,0,0,1
22/04/2020,Baixada Cuiabana,Cuiaba,49,52,1,102
22/04/2020,Sinop,Ipiranga do Norte,1,0,0,1
22/04/2020,Rondonopolis,Jaciara,1,0,0,1
22/04/2020,Caceres,Lambari do Oeste,0,1,0,1
22/04/2020,Sinop,Lucas do Rio Verde,0,0,1,1
22/04/2020,Caceres,Mirassol do Oeste,5,0,0,5
22/04/2020,Alta Floresta,Nova Monte Verde,0,1,0,1
22/04/2020,Sinop,Nova Mutum,0,1,0,1
22/04/2020,Pontes e Lacerda,Pontes e Lacerda,1,0,0,1
22/04/2020,Rondonopolis,Primavera do Leste,4,1,0,5
22/04/2020,Caceres,Rio Branco,2,0,0,2
22/04/2020,Rondonopolis,Rondonopolis,26,7,2,35
22/04/2020,Caceres,Sao Jose dos Quatro Marcos,3,2,0,5
22/04/2020,Sinop,Sinop,3,10,0,13
22/04/2020,Tangara da Serra,Tangara da Serra,0,5,0,5
22/04/2020,Sinop,Uniao do Sul,0,1,0,1
22/04/2020,Baixada Cuiabana,Varzea Grande,3,8,0,11
22/04/2020,Pontes e Lacerda,Vila Bela da Santissima Trindade,1,0,0,1
23/04/2020,Alta Floresta,Alta Floresta,0,1,0,1
23/04/2020,Juina,Aripuana,0,1,1,2
23/04/2020,Barra do Garcas,Barra do Garcas,2,0,1,3
23/04/2020,Caceres,Caceres,2,1,1,4
23/04/2020,Tangara da Serra,Campo Novo do Parecis,0,1,0,1
23/04/2020,Agua Boa,Canarana,0,1,0,1
23/04/2020,Porto Alegre do Norte,Confresa,1,0,0,1
23/04/2020,Pontes e Lacerda,Conquista do Oeste,1,0,0,1
23/04/2020,Baixada Cuiabana,Cuiaba,42,65,1,108
23/04/2020,Sinop,Ipiranga do Norte,1,0,0,1
23/04/2020,Rondonopolis,Jaciara,1,0,0,1
23/04/2020,Caceres,Lambari do Oeste,0,1,0,1
23/04/2020,Sinop,Lucas do Rio Verde,0,0,1,1
23/04/2020,Caceres,Mirassol do Oeste,5,0,0,5
23/04/2020,Alta Floresta,Nova Monte Verde,0,1,0,1
23/04/2020,Sinop,Nova Mutum,0,1,0,1
23/04/2020,Barra do Garcas,Pontal do Araguaia,1,0,0,1
23/04/2020,Pontes e Lacerda,Pontes e Lacerda,1,0,0,1
23/04/2020,Rondonopolis,Primavera do Leste,6,2,0,8
23/04/2020,Caceres,Rio Branco,2,0,0,2
23/04/2020,Rondonopolis,Rondonopolis,27,6,2,35
23/04/2020,Caceres,Sao Jose dos Quatro Marcos,3,2,0,5
23/04/2020,Sinop,Sinop,4,10,0,14
23/04/2020,Tangara da Serra,Tangara da Serra,0,5,0,5
23/04/2020,Sinop,Uniao do Sul,0,1,0,1
23/04/2020,Baixada Cuiabana,Varzea Grande,3,9,0,12
23/04/2020,Pontes e Lacerda,Vila Bela da Santissima Trindade,1,0,0,1
24/04/2020,Alta Floresta,Alta Floresta,0,1,0,1
24/04/2020,Juina,Aripuana,0,1,1,2
24/04/2020,Barra do Garcas,Barra do Garcas,2,0,1,3
24/04/2020,Caceres,Caceres,2,1,1,4
24/04/2020,Tangara da Serra,Campo Novo do Parecis,0,1,0,1
24/04/2020,Agua Boa,Canarana,0,1,0,1
24/04/2020,Porto Alegre do Norte,Confresa,1,0,0,1
24/04/2020,Pontes e Lacerda,Conquista do Oeste,1,0,0,1
24/04/2020,Baixada Cuiabana,Cuiaba,38,80,1,119
24/04/2020,Sinop,Ipiranga do Norte,1,0,0,1
24/04/2020,Rondonopolis,Jaciara,1,0,0,1
24/04/2020,Caceres,Lambari do Oeste,0,1,0,1
24/04/2020,Sinop,Lucas do Rio Verde,0,0,1,1
24/04/2020,Caceres,Mirassol do Oeste,5,0,1,6
24/04/2020,Alta Floresta,Nova Monte Verde,0,1,0,1
24/04/2020,Sinop,Nova Mutum,0,1,0,1
24/04/2020,Barra do Garcas,Pontal do Araguaia,1,0,0,1
24/04/2020,Pontes e Lacerda,Pontes e Lacerda,1,0,0,1
24/04/2020,Rondonopolis,Primavera do Leste,6,2,0,8
24/04/2020,Agua Boa,Querencia,1,0,0,1
24/04/2020,Caceres,Rio Branco,2,0,0,2
24/04/2020,Rondonopolis,Rondonopolis,28,6,2,36
24/04/2020,Caceres,Sao Jose dos Quatro Marcos,3,3,0,6
24/04/2020,Sinop,Sinop,9,10,0,19
24/04/2020,Tangara da Serra,Tangara da Serra,0,5,0,5
24/04/2020,Sinop,Uniao do Sul,0,1,0,1
24/04/2020,Baixada Cuiabana,Varzea Grande,3,9,0,12
24/04/2020,Pontes e Lacerda,Vila Bela da Santissima Trindade,1,0,0,1
25/04/2020,Alta Floresta,Alta Floresta,0,1,0,1
25/04/2020,Juina,Aripuana,0,1,1,2
25/04/2020,Barra do Garcas,Barra do Garcas,2,0,1,3
25/04/2020,Caceres,Caceres,2,1,1,4
25/04/2020,Tangara da Serra,Campo Novo do Parecis,0,1,0,1
25/04/2020,Agua Boa,Canarana,0,1,0,1
25/04/2020,Porto Alegre do Norte,Confresa,1,0,0,1
25/04/2020,Pontes e Lacerda,Conquista do Oeste,1,0,0,1
25/04/2020,Baixada Cuiabana,Cuiaba,43,80,1,124
25/04/2020,Sinop,Ipiranga do Norte,1,0,0,1
25/04/2020,Rondonopolis,Jaciara,1,0,0,1
25/04/2020,Caceres,Lambari do Oeste,0,1,0,1
25/04/2020,Sinop,Lucas do Rio Verde,0,0,1,1
25/04/2020,Caceres,Mirassol do Oeste,5,0,1,6
25/04/2020,Alta Floresta,Nova Monte Verde,0,1,0,1
25/04/2020,Sinop,Nova Mutum,0,1,0,1
25/04/2020,Barra do Garcas,Pontal do Araguaia,1,0,0,1
25/04/2020,Pontes e Lacerda,Pontes e Lacerda,1,0,0,1
25/04/2020,Rondonopolis,Primavera do Leste,6,2,0,8
25/04/2020,Agua Boa,Querencia,1,0,0,1
25/04/2020,Caceres,Rio Branco,2,0,0,2
25/04/2020,Rondonopolis,Rondonopolis,28,6,2,36
25/04/2020,Caceres,Sao Jose dos Quatro Marcos,3,3,0,6
25/04/2020,Sinop,Sinop,8,10,1,19
25/04/2020,Tangara da Serra,Tangara da Serra,0,5,0,5
25/04/2020,Sinop,Uniao do Sul,0,1,0,1
25/04/2020,Baixada Cuiabana,Varzea Grande,3,9,0,12
25/04/2020,Pontes e Lacerda,Vila Bela da Santissima Trindade,1,0,0,1
26/04/2020,Alta Floresta,Alta Floresta,0,1,0,1
26/04/2020,Juina,Aripuana,0,1,1,2
26/04/2020,Barra do Garcas,Barra do Garcas,2,0,1,3
26/04/2020,Caceres,Caceres,2,1,1,4
26/04/2020,Tangara da Serra,Campo Novo do Parecis,0,1,0,1
26/04/2020,Agua Boa,Canarana,0,1,0,1
26/04/2020,Porto Alegre do Norte,Confresa,1,0,0,1
26/04/2020,Pontes e Lacerda,Conquista do Oeste,1,0,0,1
26/04/2020,Baixada Cuiabana,Cuiaba,44,80,1,125
26/04/2020,Sinop,Ipiranga do Norte,1,0,0,1
26/04/2020,Rondonopolis,Jaciara,1,0,0,1
26/04/2020,Caceres,Lambari do Oeste,0,1,0,1
26/04/2020,Sinop,Lucas do Rio Verde,0,0,1,1
26/04/2020,Caceres,Mirassol do Oeste,5,0,1,6
26/04/2020,Alta Floresta,Nova Monte Verde,0,1,0,1
26/04/2020,Sinop,Nova Mutum,0,1,0,1
26/04/2020,Baixada Cuiabana,Pocone,2,0,0,2
26/04/2020,Barra do Garcas,Pontal do Araguaia,1,0,0,1
26/04/2020,Pontes e Lacerda,Pontes e Lacerda,1,0,0,1
26/04/2020,Rondonopolis,Primavera do Leste,6,2,0,8
26/04/2020,Agua Boa,Querencia,1,0,0,1
26/04/2020,Caceres,Rio Branco,2,0,0,2
26/04/2020,Rondonopolis,Rondonopolis,28,6,2,36
26/04/2020,Caceres,Sao Jose dos Quatro Marcos,3,3,0,6
26/04/2020,Sinop,Sinop,8,10,1,19
26/04/2020,Tangara da Serra,Tangara da Serra,0,5,0,5
26/04/2020,Sinop,Uniao do Sul,0,1,0,1
26/04/2020,Baixada Cuiabana,Varzea Grande,3,9,0,12
26/04/2020,Pontes e Lacerda,Vila Bela da Santissima Trindade,1,0,0,1
27/04/2020,Alta Floresta,Alta Floresta,0,1,0,1
27/04/2020,Juina,Aripuana,0,1,1,2
27/04/2020,Barra do Garcas,Barra do Garcas,2,0,1,3
27/04/2020,Caceres,Caceres,4,1,1,6
27/04/2020,Tangara da Serra,Campo Novo do Parecis,0,1,0,1
27/04/2020,Agua Boa,Canarana,0,1,0,1
27/04/2020,Porto Alegre do Norte,Confresa,0,1,0,1
27/04/2020,Pontes e Lacerda,Conquista do Oeste,1,0,0,1
27/04/2020,Baixada Cuiabana,Cuiaba,39,86,1,126
27/04/2020,Sinop,Ipiranga do Norte,1,0,0,1
27/04/2020,Rondonopolis,Jaciara,1,0,0,1
27/04/2020,Caceres,Lambari do Oeste,0,1,0,1
27/04/2020,Sinop,Lucas do Rio Verde,0,0,1,1
27/04/2020,Caceres,Mirassol do Oeste,5,0,1,6
27/04/2020,Alta Floresta,Nova Monte Verde,0,1,0,1
27/04/2020,Sinop,Nova Mutum,0,1,0,1
27/04/2020,Baixada Cuiabana,Pocone,0,2,0,2
27/04/2020,Barra do Garcas,Pontal do Araguaia,1,0,0,1
27/04/2020,Pontes e Lacerda,Pontes e Lacerda,1,0,0,1
27/04/2020,Rondonopolis,Primavera do Leste,6,2,0,8
27/04/2020,Agua Boa,Querencia,1,0,0,1
27/04/2020,Caceres,Rio Branco,2,0,0,2
27/04/2020,Rondonopolis,Rondonopolis,30,6,2,38
27/04/2020,Caceres,Sao Jose dos Quatro Marcos,3,3,0,6
27/04/2020,Sinop,Sinop,5,13,1,19
27/04/2020,Tangara da Serra,Tangara da Serra,0,5,0,5
27/04/2020,Sinop,Uniao do Sul,0,1,0,1
27/04/2020,Baixada Cuiabana,Varzea Grande,3,9,0,12
27/04/2020,Pontes e Lacerda,Vila Bela da Santissima Trindade,1,0,0,1
28/04/2020,Alta Floresta,Alta Floresta,0,1,0,1
28/04/2020,Juina,Aripuana,0,1,1,2
28/04/2020,Barra do Garcas,Barra do Garcas,2,0,1,3
28/04/2020,Caceres,Caceres,3,2,1,6
28/04/2020,Tangara da Serra,Campo Novo do Parecis,0,1,0,1
28/04/2020,Agua Boa,Canarana,0,1,0,1
28/04/2020,Porto Alegre do Norte,Confresa,0,3,0,3
28/04/2020,Pontes e Lacerda,Conquista do Oeste,1,0,0,1
28/04/2020,Baixada Cuiabana,Cuiaba,37,89,1,127
28/04/2020,Sinop,Ipiranga do Norte,1,0,0,1
28/04/2020,Rondonopolis,Jaciara,1,0,0,1
28/04/2020,Caceres,Lambari do Oeste,0,1,0,1
28/04/2020,Sinop,Lucas do Rio Verde,0,2,1,3
28/04/2020,Caceres,Mirassol do Oeste,5,0,1,6
28/04/2020,Alta Floresta,Nova Monte Verde,0,1,0,1
28/04/2020,Sinop,Nova Mutum,1,1,0,2
28/04/2020,Baixada Cuiabana,Pocone,0,2,0,2
28/04/2020,Barra do Garcas,Pontal do Araguaia,1,0,0,1
28/04/2020,Pontes e Lacerda,Pontes e Lacerda,1,0,0,1
28/04/2020,Rondonopolis,Primavera do Leste,6,2,0,8
28/04/2020,Agua Boa,Querencia,1,0,0,1
28/04/2020,Caceres,Rio Branco,1,1,0,2
28/04/2020,Rondonopolis,Rondonopolis,30,6,2,38
28/04/2020,Caceres,Sao Jose dos Quatro Marcos,3,3,0,6
28/04/2020,Sinop,Sinop,4,13,2,19
28/04/2020,Tangara da Serra,Tangara da Serra,0,7,0,7
28/04/2020,Sinop,Uniao do Sul,0,1,0,1
28/04/2020,Baixada Cuiabana,Varzea Grande,3,9,0,12
28/04/2020,Pontes e Lacerda,Vila Bela da Santissima Trindade,1,0,0,1
29/04/2020,Alta Floresta,Alta Floresta,0,1,0,1
29/04/2020,Juina,Aripuana,0,1,1,2
29/04/2020,Barra do Garcas,Barra do Garcas,2,0,1,3
29/04/2020,Caceres,Caceres,4,2,1,7
29/04/2020,Tangara da Serra,Campo Novo do Parecis,0,1,0,1
29/04/2020,Agua Boa,Canarana,0,1,0,1
29/04/2020,Porto Alegre do Norte,Confresa,0,3,0,3
29/04/2020,Pontes e Lacerda,Conquista do Oeste,1,0,0,1
29/04/2020,Baixada Cuiabana,Cuiaba,36,92,1,129
29/04/2020,Sinop,Ipiranga do Norte,1,1,0,2
29/04/2020,Rondonopolis,Jaciara,2,4,0,6
29/04/2020,Baixada Cuiabana,Jangada,2,0,0,2
29/04/2020,Caceres,Lambari do Oeste,0,1,0,1
29/04/2020,Sinop,Lucas do Rio Verde,2,2,1,5
29/04/2020,Caceres,Mirassol do Oeste,0,7,1,8
29/04/2020,Alta Floresta,Nova Monte Verde,0,1,0,1
29/04/2020,Sinop,Nova Mutum,1,1,0,2
29/04/2020,Baixada Cuiabana,Pocone,0,2,0,2
29/04/2020,Barra do Garcas,Pontal do Araguaia,1,0,0,1
29/04/2020,Pontes e Lacerda,Pontes e Lacerda,1,0,0,1
29/04/2020,Rondonopolis,Primavera do Leste,3,5,0,8
29/04/2020,Agua Boa,Querencia,1,0,0,1
29/04/2020,Caceres,Rio Branco,1,1,0,2
29/04/2020,Rondonopolis,Rondonopolis,40,6,2,48
29/04/2020,Caceres,Sao Jose dos Quatro Marcos,0,6,0,6
29/04/2020,Sinop,Sinop,1,16,2,19
29/04/2020,Tangara da Serra,Tangara da Serra,0,8,0,8
29/04/2020,Sinop,Uniao do Sul,0,1,0,1
29/04/2020,Baixada Cuiabana,Varzea Grande,3,10,0,13
29/04/2020,Pontes e Lacerda,Vila Bela da Santissima Trindade,1,0,0,1
30/04/2020,Alta Floresta,Alta Floresta,0,1,0,1
30/04/2020,Juina,Aripuana,0,1,1,2
30/04/2020,Barra do Garcas,Barra do Garcas,2,0,1,3
30/04/2020,Caceres,Caceres,5,2,1,8
30/04/2020,Tangara da Serra,Campo Novo do Parecis,0,1,0,1
30/04/2020,Agua Boa,Canarana,0,1,0,1
30/04/2020,Porto Alegre do Norte,Confresa,0,3,0,3
30/04/2020,Pontes e Lacerda,Conquista do Oeste,1,0,0,1
30/04/2020,Baixada Cuiabana,Cuiaba,36,97,1,134
30/04/2020,Sinop,Ipiranga do Norte,0,2,0,2
30/04/2020,Rondonopolis,Jaciara,2,4,0,6
30/04/2020,Baixada Cuiabana,Jangada,2,0,0,2
30/04/2020,Caceres,Lambari do Oeste,0,1,0,1
30/04/2020,Sinop,Lucas do Rio Verde,2,2,1,5
30/04/2020,Caceres,Mirassol do Oeste,0,7,1,8
30/04/2020,Alta Floresta,Nova Monte Verde,0,1,0,1
30/04/2020,Sinop,Nova Mutum,1,1,0,2
30/04/2020,Peixoto de Azevedo,Peixoto de Azevedo,1,0,0,1
30/04/2020,Baixada Cuiabana,Pocone,0,2,0,2
30/04/2020,Barra do Garcas,Pontal do Araguaia,1,0,0,1
30/04/2020,Pontes e Lacerda,Pontes e Lacerda,1,0,0,1
30/04/2020,Rondonopolis,Primavera do Leste,3,5,0,8
30/04/2020,Agua Boa,Querencia,2,0,0,2
30/04/2020,Caceres,Rio Branco,1,1,0,2
30/04/2020,Rondonopolis,Rondonopolis,40,6,2,48
30/04/2020,Caceres,Sao Jose dos Quatro Marcos,0,6,0,6
30/04/2020,Sinop,Sinop,1,17,2,20
30/04/2020,Tangara da Serra,Tangara da Serra,0,9,0,9
30/04/2020,Sinop,Uniao do Sul,0,1,0,1
30/04/2020,Baixada Cuiabana,Varzea Grande,3,10,0,13
30/04/2020,Pontes e Lacerda,Vila Bela da Santissima Trindade,1,0,0,1
01/05/2020,Alta Floresta,Alta Floresta,1,1,0,2
01/05/2020,Juina,Aripuana,0,1,1,2
01/05/2020,Barra do Garcas,Barra do Garcas,3,0,1,4
01/05/2020,Caceres,Caceres,5,2,1,8
01/05/2020,Tangara da Serra,Campo Novo do Parecis,0,1,0,1
01/05/2020,Agua Boa,Canarana,1,1,0,2
01/05/2020,Porto Alegre do Norte,Confresa,0,3,0,3
01/05/2020,Pontes e Lacerda,Conquista do Oeste,1,0,0,1
01/05/2020,Baixada Cuiabana,Cuiaba,37,100,1,138
01/05/2020,Caceres,Curvelandia,1,0,0,1
01/05/2020,Sinop,Ipiranga do Norte,0,3,0,3
01/05/2020,Rondonopolis,Jaciara,2,4,0,6
01/05/2020,Baixada Cuiabana,Jangada,2,0,0,2
01/05/2020,Caceres,Lambari do Oeste,0,1,0,1
01/05/2020,Sinop,Lucas do Rio Verde,4,2,1,7
01/05/2020,Caceres,Mirassol do Oeste,0,7,1,8
01/05/2020,Alta Floresta,Nova Monte Verde,0,1,0,1
01/05/2020,Sinop,Nova Mutum,1,1,0,2
01/05/2020,Peixoto de Azevedo,Peixoto de Azevedo,2,0,0,2
01/05/2020,Baixada Cuiabana,Pocone,0,2,0,2
01/05/2020,Barra do Garcas,Pontal do Araguaia,1,0,0,1
01/05/2020,Pontes e Lacerda,Pontes e Lacerda,1,0,0,1
01/05/2020,Rondonopolis,Poxoreu,1,0,0,1
01/05/2020,Rondonopolis,Primavera do Leste,3,6,0,9
01/05/2020,Agua Boa,Querencia,2,0,0,2
01/05/2020,Caceres,Rio Branco,1,1,0,2
01/05/2020,Rondonopolis,Rondonopolis,41,6,2,49
01/05/2020,Caceres,Sao Jose dos Quatro Marcos,0,6,0,6
01/05/2020,Sinop,Sinop,1,17,2,20
01/05/2020,Tangara da Serra,Tangara da Serra,0,9,0,9
01/05/2020,Sinop,Uniao do Sul,0,1,0,1
01/05/2020,Baixada Cuiabana,Varzea Grande,4,10,0,14
01/05/2020,Pontes e Lacerda,Vila Bela da Santissima Trindade,1,0,0,1
02/05/2020,Alta Floresta,Alta Floresta,1,1,0,2
02/05/2020,Juina,Aripuana,0,1,1,2
02/05/2020,Barra do Garcas,Barra do Garcas,3,0,1,4
02/05/2020,Caceres,Caceres,7,2,1,10
02/05/2020,Tangara da Serra,Campo Novo do Parecis,0,1,0,1
02/05/2020,Agua Boa,Canarana,1,1,0,2
02/05/2020,Porto Alegre do Norte,Confresa,0,3,0,3
02/05/2020,Pontes e Lacerda,Conquista do Oeste,1,0,0,1
02/05/2020,Baixada Cuiabana,Cuiaba,38,101,2,141
02/05/2020,Caceres,Curvelandia,2,0,0,2
02/05/2020,Sinop,Ipiranga do Norte,0,3,0,3
02/05/2020,Rondonopolis,Jaciara,4,4,0,8
02/05/2020,Baixada Cuiabana,Jangada,2,0,0,2
02/05/2020,Caceres,Lambari do Oeste,0,1,0,1
02/05/2020,Sinop,Lucas do Rio Verde,4,2,1,7
02/05/2020,Caceres,Mirassol do Oeste,0,7,1,8
02/05/2020,Alta Floresta,Nova Monte Verde,0,1,0,1
02/05/2020,Sinop,Nova Mutum,4,1,0,5
02/05/2020,Peixoto de Azevedo,Peixoto de Azevedo,2,0,0,2
02/05/2020,Baixada Cuiabana,Pocone,0,2,0,2
02/05/2020,Barra do Garcas,Pontal do Araguaia,1,0,0,1
02/05/2020,Pontes e Lacerda,Pontes e Lacerda,1,0,0,1
02/05/2020,Rondonopolis,Poxoreu,1,0,0,1
02/05/2020,Rondonopolis,Primavera do Leste,2,7,0,9
02/05/2020,Agua Boa,Querencia,2,0,0,2
02/05/2020,Caceres,Rio Branco,0,2,0,2
02/05/2020,Rondonopolis,Rondonopolis,42,6,2,50
02/05/2020,Caceres,Sao Jose dos Quatro Marcos,0,6,0,6
02/05/2020,Sinop,Sinop,1,17,2,20
02/05/2020,Tangara da Serra,Tangara da Serra,0,9,0,9
02/05/2020,Sinop,Uniao do Sul,0,1,0,1
02/05/2020,Baixada Cuiabana,Varzea Grande,5,10,0,15
02/05/2020,Pontes e Lacerda,Vila Bela da Santissima Trindade,1,0,0,1
03/05/2020,Alta Floresta,Alta Floresta,1,1,0,2
03/05/2020,Juina,Aripuana,0,1,1,2
03/05/2020,Barra do Garcas,Barra do Garcas,3,0,1,4
03/05/2020,Caceres,Caceres,7,2,1,10
03/05/2020,Tangara da Serra,Campo Novo do Parecis,0,1,0,1
03/05/2020,Agua Boa,Canarana,1,1,0,2
03/05/2020,Porto Alegre do Norte,Confresa,0,3,0,3
03/05/2020,Pontes e Lacerda,Conquista do Oeste,1,0,0,1
03/05/2020,Baixada Cuiabana,Cuiaba,41,101,2,144
03/05/2020,Caceres,Curvelandia,2,0,0,2
03/05/2020,Sinop,Ipiranga do Norte,0,3,0,3
03/05/2020,Rondonopolis,Jaciara,4,4,0,8
03/05/2020,Baixada Cuiabana,Jangada,2,0,0,2
03/05/2020,Caceres,Lambari do Oeste,0,1,0,1
03/05/2020,Sinop,Lucas do Rio Verde,4,2,1,7
03/05/2020,Caceres,Mirassol do Oeste,0,7,1,8
03/05/2020,Alta Floresta,Nova Monte Verde,0,1,0,1
03/05/2020,Sinop,Nova Mutum,4,1,0,5
03/05/2020,Peixoto de Azevedo,Peixoto de Azevedo,2,0,0,2
03/05/2020,Baixada Cuiabana,Pocone,0,2,0,2
03/05/2020,Barra do Garcas,Pontal do Araguaia,1,0,0,1
03/05/2020,Pontes e Lacerda,Pontes e Lacerda,1,0,0,1
03/05/2020,Rondonopolis,Poxoreu,1,0,0,1
03/05/2020,Rondonopolis,Primavera do Leste,2,7,0,9
03/05/2020,Agua Boa,Querencia,2,0,0,2
03/05/2020,Caceres,Rio Branco,0,2,0,2
03/05/2020,Rondonopolis,Rondonopolis,42,6,2,50
03/05/2020,Caceres,Sao Jose dos Quatro Marcos,0,6,0,6
03/05/2020,Sinop,Sinop,1,17,2,20
03/05/2020,Tangara da Serra,Tangara da Serra,0,9,0,9
03/05/2020,Sinop,Uniao do Sul,0,1,0,1
03/05/2020,Baixada Cuiabana,Varzea Grande,6,10,0,16
03/05/2020,Pontes e Lacerda,Vila Bela da Santissima Trindade,1,0,0,1
04/05/2020,Alta Floresta,Alta Floresta,1,1,0,2
04/05/2020,Juina,Aripuana,0,1,1,2
04/05/2020,Barra do Garcas,Barra do Garcas,3,0,1,4
04/05/2020,Caceres,Caceres,7,2,1,10
04/05/2020,Tangara da Serra,Campo Novo do Parecis,0,1,0,1
04/05/2020,Agua Boa,Canarana,1,1,0,2
04/05/2020,Porto Alegre do Norte,Confresa,1,3,0,4
04/05/2020,Pontes e Lacerda,Conquista do Oeste,1,0,0,1
04/05/2020,Baixada Cuiabana,Cuiaba,41,102,2,145
04/05/2020,Caceres,Curvelandia,2,0,0,2
04/05/2020,Sinop,Ipiranga do Norte,0,3,0,3
04/05/2020,Rondonopolis,Jaciara,2,7,0,9
04/05/2020,Baixada Cuiabana,Jangada,2,0,0,2
04/05/2020,Caceres,Lambari do Oeste,0,1,0,1
04/05/2020,Sinop,Lucas do Rio Verde,5,2,1,8
04/05/2020,Caceres,Mirassol do Oeste,0,7,1,8
04/05/2020,Alta Floresta,Nova Monte Verde,0,1,0,1
04/05/2020,Sinop,Nova Mutum,1,3,1,5
04/05/2020,Peixoto de Azevedo,Peixoto de Azevedo,3,0,0,3
04/05/2020,Baixada Cuiabana,Pocone,0,2,0,2
04/05/2020,Barra do Garcas,Pontal do Araguaia,1,0,0,1
04/05/2020,Pontes e Lacerda,Pontes e Lacerda,1,0,0,1
04/05/2020,Rondonopolis,Poxoreu,1,0,0,1
04/05/2020,Rondonopolis,Primavera do Leste,1,8,0,9
04/05/2020,Agua Boa,Querencia,2,0,0,2
04/05/2020,Caceres,Rio Branco,0,2,0,2
04/05/2020,Rondonopolis,Rondonopolis,35,13,2,50
04/05/2020,Caceres,Sao Jose dos Quatro Marcos,0,6,0,6
04/05/2020,Sinop,Sinop,1,17,2,20
04/05/2020,Tangara da Serra,Tangara da Serra,1,9,0,10
04/05/2020,Sinop,Uniao do Sul,0,1,0,1
04/05/2020,Baixada Cuiabana,Varzea Grande,7,10,0,17
04/05/2020,Pontes e Lacerda,Vila Bela da Santissima Trindade,1,0,0,1
05/05/2020,Alta Floresta,Alta Floresta,1,1,0,2
05/05/2020,Juina,Aripuana,0,1,1,2
05/05/2020,Barra do Garcas,Barra do Garcas,1,2,1,4
05/05/2020,Caceres,Caceres,7,2,1,10
05/05/2020,Tangara da Serra,Campo Novo do Parecis,0,1,0,1
05/05/2020,Agua Boa,Canarana,1,1,0,2
05/05/2020,Baixada Cuiabana,Chapada dos Guimaraes,1,0,0,1
05/05/2020,Porto Alegre do Norte,Confresa,1,3,0,4
05/05/2020,Pontes e Lacerda,Conquista do Oeste,1,0,0,1
05/05/2020,Baixada Cuiabana,Cuiaba,38,108,2,148
05/05/2020,Caceres,Curvelandia,3,0,0,3
05/05/2020,Sinop,Ipiranga do Norte,0,3,0,3
05/05/2020,Rondonopolis,Jaciara,2,7,0,9
05/05/2020,Baixada Cuiabana,Jangada,2,0,0,2
05/05/2020,Caceres,Lambari do Oeste,0,1,0,1
05/05/2020,Sinop,Lucas do Rio Verde,4,3,1,8
05/05/2020,Caceres,Mirassol do Oeste,0,7,1,8
05/05/2020,Alta Floresta,Nova Monte Verde,0,1,0,1
05/05/2020,Sinop,Nova Mutum,1,3,1,5
05/05/2020,Peixoto de Azevedo,Peixoto de Azevedo,3,0,0,3
05/05/2020,Baixada Cuiabana,Pocone,0,2,0,2
05/05/2020,Barra do Garcas,Pontal do Araguaia,1,0,0,1
05/05/2020,Pontes e Lacerda,Pontes e Lacerda,1,0,0,1
05/05/2020,Rondonopolis,Poxoreu,1,0,0,1
05/05/2020,Rondonopolis,Primavera do Leste,2,8,0,10
05/05/2020,Agua Boa,Querencia,3,0,0,3
05/05/2020,Caceres,Rio Branco,0,2,0,2
05/05/2020,Rondonopolis,Rondonopolis,35,13,2,50
05/05/2020,Diamantino,Rosario Oeste,1,0,0,1
05/05/2020,Caceres,Sao Jose dos Quatro Marcos,1,5,0,6
05/05/2020,Sinop,Sinop,2,17,2,21
05/05/2020,Sinop,Sorriso,4,0,0,4
05/05/2020,Tangara da Serra,Tangara da Serra,4,9,0,13
05/05/2020,Sinop,Uniao do Sul,0,1,0,1
05/05/2020,Baixada Cuiabana,Varzea Grande,9,12,0,21
05/05/2020,Pontes e Lacerda,Vila Bela da Santissima Trindade,1,0,0,1
06/05/2020,Alta Floresta,Alta Floresta,1,1,0,2
06/05/2020,Juina,Aripuana,0,1,1,2
06/05/2020,Barra do Garcas,Barra do Garcas,1,2,1,4
06/05/2020,Caceres,Caceres,7,2,1,10
06/05/2020,Tangara da Serra,Campo Novo do Parecis,0,1,0,1
06/05/2020,Agua Boa,Canarana,1,1,0,2
06/05/2020,Baixada Cuiabana,Chapada dos Guimaraes,2,0,0,2
06/05/2020,Porto Alegre do Norte,Confresa,2,3,0,5
06/05/2020,Pontes e Lacerda,Conquista do Oeste,1,0,0,1
06/05/2020,Baixada Cuiabana,Cuiaba,41,112,2,155
06/05/2020,Caceres,Curvelandia,3,0,0,3
06/05/2020,Sinop,Ipiranga do Norte,0,3,0,3
06/05/2020,Rondonopolis,Jaciara,2,7,0,9
06/05/2020,Baixada Cuiabana,Jangada,2,0,0,2
06/05/2020,Caceres,Lambari do Oeste,0,1,0,1
06/05/2020,Sinop,Lucas do Rio Verde,5,3,1,9
06/05/2020,Caceres,Mirassol do Oeste,0,7,1,8
06/05/2020,Alta Floresta,Nova Monte Verde,0,1,0,1
06/05/2020,Sinop,Nova Mutum,5,3,1,9
06/05/2020,Peixoto de Azevedo,Peixoto de Azevedo,3,0,0,3
06/05/2020,Baixada Cuiabana,Pocone,0,2,0,2
06/05/2020,Barra do Garcas,Pontal do Araguaia,1,0,0,1
06/05/2020,Pontes e Lacerda,Pontes e Lacerda,1,0,0,1
06/05/2020,Rondonopolis,Poxoreu,1,0,0,1
06/05/2020,Rondonopolis,Primavera do Leste,3,8,0,11
06/05/2020,Agua Boa,Querencia,5,0,0,5
06/05/2020,Caceres,Rio Branco,0,2,0,2
06/05/2020,Rondonopolis,Rondonopolis,35,13,2,50
06/05/2020,Diamantino,Rosario Oeste,1,0,0,1
06/05/2020,Caceres,Sao Jose dos Quatro Marcos,1,5,0,6
06/05/2020,Rondonopolis,Sao Pedro da Cipa,1,0,0,1
06/05/2020,Sinop,Sinop,2,17,2,21
06/05/2020,Sinop,Sorriso,4,0,0,4
06/05/2020,Tangara da Serra,Tangara da Serra,4,9,0,13
06/05/2020,Sinop,Uniao do Sul,0,1,0,1
06/05/2020,Baixada Cuiabana,Varzea Grande,10,12,0,22
06/05/2020,Pontes e Lacerda,Vila Bela da Santissima Trindade,1,0,0,1
07/05/2020,Alta Floresta,Alta Floresta,1,1,0,2
07/05/2020,Juina,Aripuana,0,1,1,2
07/05/2020,Barra do Garcas,Barra do Garcas,3,9,1,13
07/05/2020,Caceres,Caceres,9,2,1,12
07/05/2020,Tangara da Serra,Campo Novo do Parecis,0,1,0,1
07/05/2020,Agua Boa,Canarana,1,1,0,2
07/05/2020,Baixada Cuiabana,Chapada dos Guimaraes,3,0,0,3
07/05/2020,Porto Alegre do Norte,Confresa,2,3,0,5
07/05/2020,Pontes e Lacerda,Conquista do Oeste,1,0,0,1
07/05/2020,Baixada Cuiabana,Cuiaba,46,114,2,162
07/05/2020,Caceres,Curvelandia,3,0,0,3
07/05/2020,Sinop,Ipiranga do Norte,0,3,0,3
07/05/2020,Rondonopolis,Jaciara,3,7,0,10
07/05/2020,Baixada Cuiabana,Jangada,3,0,0,3
07/05/2020,Caceres,Lambari do Oeste,0,1,0,1
07/05/2020,Sinop,Lucas do Rio Verde,6,3,1,10
07/05/2020,Caceres,Mirassol do Oeste,0,7,1,8
07/05/2020,Pontes e Lacerda,Nova Lacerda,1,0,0,1
07/05/2020,Alta Floresta,Nova Monte Verde,0,1,0,1
07/05/2020,Sinop,Nova Mutum,6,3,1,10
07/05/2020,Peixoto de Azevedo,Peixoto de Azevedo,3,0,0,3
07/05/2020,Baixada Cuiabana,Pocone,0,2,0,2
07/05/2020,Barra do Garcas,Pontal do Araguaia,0,1,0,1
07/05/2020,Pontes e Lacerda,Pontes e Lacerda,1,0,0,1
07/05/2020,Rondonopolis,Poxoreu,0,1,0,1
07/05/2020,Rondonopolis,Primavera do Leste,2,9,0,11
07/05/2020,Agua Boa,Querencia,5,0,0,5
07/05/2020,Caceres,Rio Branco,0,2,0,2
07/05/2020,Rondonopolis,Rondonopolis,11,40,2,53
07/05/2020,Diamantino,Rosario Oeste,1,0,0,1
07/05/2020,Caceres,Sao Jose dos Quatro Marcos,1,5,0,6
07/05/2020,Rondonopolis,Sao Pedro da Cipa,1,0,0,1
07/05/2020,Sinop,Sinop,2,17,2,21
07/05/2020,Sinop,Sorriso,7,0,0,7
07/05/2020,Tangara da Serra,Tangara da Serra,4,9,0,13
07/05/2020,Sinop,Uniao do Sul,0,1,0,1
07/05/2020,Baixada Cuiabana,Varzea Grande,11,12,1,24
07/05/2020,Pontes e Lacerda,Vila Bela da Santissima Trindade,1,0,0,1
08/05/2020,Alta Floresta,Alta Floresta,1,1,0,2
08/05/2020,Juina,Aripuana,1,1,1,3
08/05/2020,Barra do Garcas,Barra do Garcas,6,9,1,16
08/05/2020,Caceres,Caceres,10,2,1,13
08/05/2020,Tangara da Serra,Campo Novo do Parecis,0,1,0,1
08/05/2020,Agua Boa,Canarana,1,1,0,2
08/05/2020,Baixada Cuiabana,Chapada dos Guimaraes,3,0,0,3
08/05/2020,Porto Alegre do Norte,Confresa,3,3,0,6
08/05/2020,Pontes e Lacerda,Conquista do Oeste,1,0,0,1
08/05/2020,Juina,Cotriguacu,1,0,0,1
08/05/2020,Baixada Cuiabana,Cuiaba,53,116,2,171
08/05/2020,Caceres,Curvelandia,3,0,0,3
08/05/2020,Sinop,Ipiranga do Norte,0,3,0,3
08/05/2020,Rondonopolis,Jaciara,2,8,0,10
08/05/2020,Baixada Cuiabana,Jangada,3,0,0,3
08/05/2020,Caceres,Lambari do Oeste,0,1,0,1
08/05/2020,Sinop,Lucas do Rio Verde,9,3,1,13
08/05/2020,Caceres,Mirassol do Oeste,0,7,1,8
08/05/2020,Pontes e Lacerda,Nova Lacerda,1,0,0,1
08/05/2020,Alta Floresta,Nova Monte Verde,0,1,0,1
08/05/2020,Sinop,Nova Mutum,5,4,1,10
08/05/2020,Peixoto de Azevedo,Peixoto de Azevedo,9,0,0,9
08/05/2020,Baixada Cuiabana,Pocone,0,2,0,2
08/05/2020,Barra do Garcas,Pontal do Araguaia,0,1,0,1
08/05/2020,Barra do Garcas,Ponte Branca,1,0,0,1
08/05/2020,Pontes e Lacerda,Pontes e Lacerda,1,0,0,1
08/05/2020,Rondonopolis,Poxoreu,0,1,0,1
08/05/2020,Rondonopolis,Primavera do Leste,4,9,0,13
08/05/2020,Agua Boa,Querencia,5,0,0,5
08/05/2020,Caceres,Rio Branco,0,2,0,2
08/05/2020,Rondonopolis,Rondonopolis,12,40,2,54
08/05/2020,Diamantino,Rosario Oeste,4,0,0,4
08/05/2020,Caceres,Sao Jose dos Quatro Marcos,1,5,0,6
08/05/2020,Rondonopolis,Sao Pedro da Cipa,1,0,0,1
08/05/2020,Sinop,Sinop,2,18,2,22
08/05/2020,Sinop,Sorriso,9,0,0,9
08/05/2020,Tangara da Serra,Tangara da Serra,4,9,0,13
08/05/2020,Sinop,Uniao do Sul,0,1,0,1
08/05/2020,Pontes e Lacerda,Vale de Sao Domingos,1,0,0,1
08/05/2020,Baixada Cuiabana,Varzea Grande,18,12,1,31
08/05/2020,Pontes e Lacerda,Vila Bela da Santissima Trindade,1,0,0,1
09/05/2020,Agua Boa,Agua Boa,1,0,0,1
09/05/2020,Alta Floresta,Alta Floresta,1,1,0,2
09/05/2020,Juina,Aripuana,1,1,1,3
09/05/2020,Barra do Garcas,Barra do Garcas,7,9,1,17
09/05/2020,Caceres,Caceres,10,2,1,13
09/05/2020,Tangara da Serra,Campo Novo do Parecis,0,1,0,1
09/05/2020,Agua Boa,Canarana,1,1,0,2
09/05/2020,Baixada Cuiabana,Chapada dos Guimaraes,3,0,0,3
09/05/2020,Porto Alegre do Norte,Confresa,3,3,0,6
09/05/2020,Pontes e Lacerda,Conquista do Oeste,1,0,0,1
09/05/2020,Juina,Cotriguacu,1,0,0,1
09/05/2020,Baixada Cuiabana,Cuiaba,65,116,2,183
09/05/2020,Caceres,Curvelandia,3,0,0,3
09/05/2020,Sinop,Ipiranga do Norte,0,3,0,3
09/05/2020,Rondonopolis,Jaciara,2,8,0,10
09/05/2020,Baixada Cuiabana,Jangada,3,0,0,3
09/05/2020,Caceres,Lambari do Oeste,0,1,0,1
09/05/2020,Sinop,Lucas do Rio Verde,15,3,1,19
09/05/2020,Caceres,Mirassol do Oeste,0,7,1,8
09/05/2020,Pontes e Lacerda,Nova Lacerda,1,0,0,1
09/05/2020,Alta Floresta,Nova Monte Verde,0,1,0,1
09/05/2020,Sinop,Nova Mutum,5,4,1,10
09/05/2020,Peixoto de Azevedo,Peixoto de Azevedo,10,0,0,10
09/05/2020,Baixada Cuiabana,Pocone,0,2,0,2
09/05/2020,Barra do Garcas,Pontal do Araguaia,1,1,0,2
09/05/2020,Barra do Garcas,Ponte Branca,1,0,0,1
09/05/2020,Pontes e Lacerda,Pontes e Lacerda,1,0,0,1
09/05/2020,Rondonopolis,Poxoreu,0,1,0,1
09/05/2020,Rondonopolis,Primavera do Leste,6,9,0,15
09/05/2020,Agua Boa,Querencia,5,0,1,6
09/05/2020,Caceres,Rio Branco,0,2,0,2
09/05/2020,Rondonopolis,Rondonopolis,14,40,2,56
09/05/2020,Diamantino,Rosario Oeste,7,0,0,7
09/05/2020,Baixada Cuiabana,Santo Antonio do Leverger,1,0,0,1
09/05/2020,Caceres,Sao Jose dos Quatro Marcos,1,5,0,6
09/05/2020,Rondonopolis,Sao Pedro da Cipa,1,0,0,1
09/05/2020,Sinop,Sinop,3,18,2,23
09/05/2020,Sinop,Sorriso,9,0,0,9
09/05/2020,Tangara da Serra,Tangara da Serra,5,9,0,14
09/05/2020,Sinop,Uniao do Sul,0,1,0,1
09/05/2020,Pontes e Lacerda,Vale de Sao Domingos,1,0,0,1
09/05/2020,Baixada Cuiabana,Varzea Grande,23,12,1,36
09/05/2020,Pontes e Lacerda,Vila Bela da Santissima Trindade,1,0,0,1
10/05/2020,Baixada Cuiabana,Acorizal,1,0,0,1
10/05/2020,Agua Boa,Agua Boa,1,0,0,1
10/05/2020,Alta Floresta,Alta Floresta,1,1,0,2
10/05/2020,Juina,Aripuana,1,1,1,3
10/05/2020,Barra do Garcas,Barra do Garcas,13,9,2,24
10/05/2020,Caceres,Caceres,10,2,1,13
10/05/2020,Tangara da Serra,Campo Novo do Parecis,0,1,0,1
10/05/2020,Agua Boa,Canarana,1,1,0,2
10/05/2020,Baixada Cuiabana,Chapada dos Guimaraes,4,0,0,4
10/05/2020,Porto Alegre do Norte,Confresa,5,3,0,8
10/05/2020,Pontes e Lacerda,Conquista do Oeste,1,0,0,1
10/05/2020,Juina,Cotriguacu,1,0,0,1
10/05/2020,Baixada Cuiabana,Cuiaba,65,118,2,185
10/05/2020,Caceres,Curvelandia,3,0,0,3
10/05/2020,Sinop,Ipiranga do Norte,0,3,0,3
10/05/2020,Rondonopolis,Jaciara,2,8,0,10
10/05/2020,Baixada Cuiabana,Jangada,3,0,0,3
10/05/2020,Caceres,Lambari do Oeste,0,1,0,1
10/05/2020,Sinop,Lucas do Rio Verde,15,3,1,19
10/05/2020,Caceres,Mirassol do Oeste,0,7,1,8
10/05/2020,Pontes e Lacerda,Nova Lacerda,1,0,0,1
10/05/2020,Alta Floresta,Nova Monte Verde,0,1,0,1
10/05/2020,Sinop,Nova Mutum,5,4,1,10
10/05/2020,Peixoto de Azevedo,Peixoto de Azevedo,11,0,0,11
10/05/2020,Baixada Cuiabana,Pocone,0,2,0,2
10/05/2020,Barra do Garcas,Pontal do Araguaia,1,1,0,2
10/05/2020,Barra do Garcas,Ponte Branca,0,0,1,1
10/05/2020,Pontes e Lacerda,Pontes e Lacerda,1,0,0,1
10/05/2020,Rondonopolis,Poxoreu,0,1,0,1
10/05/2020,Rondonopolis,Primavera do Leste,6,9,0,15
10/05/2020,Agua Boa,Querencia,6,0,1,7
10/05/2020,Caceres,Rio Branco,0,2,0,2
10/05/2020,Rondonopolis,Rondonopolis,14,40,2,56
10/05/2020,Diamantino,Rosario Oeste,8,0,0,8
10/05/2020,Baixada Cuiabana,Santo Antonio do Leverger,1,0,0,1
10/05/2020,Caceres,Sao Jose dos Quatro Marcos,1,5,0,6
10/05/2020,Rondonopolis,Sao Pedro da Cipa,1,0,0,1
10/05/2020,Sinop,Sinop,3,18,2,23
10/05/2020,Sinop,Sorriso,9,0,0,9
10/05/2020,Tangara da Serra,Tangara da Serra,5,9,0,14
10/05/2020,Sinop,Uniao do Sul,0,1,0,1
10/05/2020,Pontes e Lacerda,Vale de Sao Domingos,1,0,1,2
10/05/2020,Baixada Cuiabana,Varzea Grande,23,12,1,36
10/05/2020,Pontes e Lacerda,Vila Bela da Santissima Trindade,1,0,0,1
11/05/2020,Baixada Cuiabana,Acorizal,1,0,0,1
11/05/2020,Agua Boa,Agua Boa,1,0,0,1
11/05/2020,Alta Floresta,Alta Floresta,1,1,0,2
11/05/2020,Juina,Aripuana,1,1,1,3
11/05/2020,Barra do Garcas,Barra do Garcas,15,9,3,27
11/05/2020,Caceres,Caceres,11,2,1,14
11/05/2020,Tangara da Serra,Campo Novo do Parecis,0,1,0,1
11/05/2020,Agua Boa,Canarana,1,1,0,2
11/05/2020,Baixada Cuiabana,Chapada dos Guimaraes,4,0,0,4
11/05/2020,Porto Alegre do Norte,Confresa,5,3,0,8
11/05/2020,Pontes e Lacerda,Conquista do Oeste,1,0,0,1
11/05/2020,Juina,Cotriguacu,1,0,0,1
11/05/2020,Baixada Cuiabana,Cuiaba,72,118,2,192
11/05/2020,Caceres,Curvelandia,3,0,0,3
11/05/2020,Sinop,Ipiranga do Norte,0,3,0,3
11/05/2020,Rondonopolis,Jaciara,1,9,0,10
11/05/2020,Baixada Cuiabana,Jangada,4,0,0,4
11/05/2020,Caceres,Lambari do Oeste,0,1,0,1
11/05/2020,Sinop,Lucas do Rio Verde,15,5,1,21
11/05/2020,Caceres,Mirassol do Oeste,0,7,1,8
11/05/2020,Pontes e Lacerda,Nova Lacerda,1,0,0,1
11/05/2020,Alta Floresta,Nova Monte Verde,0,1,0,1
11/05/2020,Sinop,Nova Mutum,4,5,1,10
11/05/2020,Peixoto de Azevedo,Peixoto de Azevedo,11,0,0,11
11/05/2020,Baixada Cuiabana,Pocone,0,2,0,2
11/05/2020,Barra do Garcas,Pontal do Araguaia,1,1,0,2
11/05/2020,Barra do Garcas,Ponte Branca,0,0,1,1
11/05/2020,Pontes e Lacerda,Pontes e Lacerda,2,0,0,2
11/05/2020,Rondonopolis,Poxoreu,0,1,0,1
11/05/2020,Rondonopolis,Primavera do Leste,6,9,0,15
11/05/2020,Agua Boa,Querencia,6,0,1,7
11/05/2020,Caceres,Rio Branco,0,2,0,2
11/05/2020,Rondonopolis,Rondonopolis,15,40,2,57
11/05/2020,Diamantino,Rosario Oeste,8,0,0,8
11/05/2020,Baixada Cuiabana,Santo Antonio do Leverger,1,0,0,1
11/05/2020,Caceres,Sao Jose dos Quatro Marcos,1,5,0,6
11/05/2020,Rondonopolis,Sao Pedro da Cipa,2,0,0,2
11/05/2020,Sinop,Sinop,3,18,2,23
11/05/2020,Sinop,Sorriso,9,0,0,9
11/05/2020,Tangara da Serra,Tangara da Serra,4,10,0,14
11/05/2020,Sinop,Tapurah,3,0,0,3
11/05/2020,Sinop,Uniao do Sul,0,1,0,1
11/05/2020,Pontes e Lacerda,Vale de Sao Domingos,1,0,1,2
11/05/2020,Baixada Cuiabana,Varzea Grande,28,12,1,41
11/05/2020,Pontes e Lacerda,Vila Bela da Santissima Trindade,2,0,0,2
12/05/2020,Baixada Cuiabana,Acorizal,1,0,0,1
12/05/2020,Agua Boa,Agua Boa,1,0,0,1
12/05/2020,Alta Floresta,Alta Floresta,6,1,0,7
12/05/2020,Juina,Aripuana,1,1,1,3
12/05/2020,Barra do Garcas,Barra do Garcas,15,9,3,27
12/05/2020,Caceres,Caceres,7,6,1,14
12/05/2020,Tangara da Serra,Campo Novo do Parecis,0,1,0,1
12/05/2020,Agua Boa,Canarana,1,1,0,2
12/05/2020,Baixada Cuiabana,Chapada dos Guimaraes,4,0,0,4
12/05/2020,Porto Alegre do Norte,Confresa,5,3,0,8
12/05/2020,Pontes e Lacerda,Conquista do Oeste,1,0,0,1
12/05/2020,Juina,Cotriguacu,1,0,0,1
12/05/2020,Baixada Cuiabana,Cuiaba,91,118,2,211
12/05/2020,Caceres,Curvelandia,3,0,0,3
12/05/2020,Sinop,Ipiranga do Norte,0,3,0,3
12/05/2020,Rondonopolis,Jaciara,2,9,0,11
12/05/2020,Baixada Cuiabana,Jangada,4,0,0,4
12/05/2020,Caceres,Lambari do Oeste,0,1,0,1
12/05/2020,Sinop,Lucas do Rio Verde,17,5,1,23
12/05/2020,Caceres,Mirassol do Oeste,0,7,1,8
12/05/2020,Baixada Cuiabana,Nossa Senhora do Livramento,1,0,0,1
12/05/2020,Pontes e Lacerda,Nova Lacerda,1,0,0,1
12/05/2020,Alta Floresta,Nova Monte Verde,0,1,0,1
12/05/2020,Sinop,Nova Mutum,5,5,1,11
12/05/2020,Peixoto de Azevedo,Peixoto de Azevedo,13,0,0,13
12/05/2020,Baixada Cuiabana,Pocone,0,2,0,2
12/05/2020,Barra do Garcas,Pontal do Araguaia,1,1,0,2
12/05/2020,Barra do Garcas,Ponte Branca,0,0,1,1
12/05/2020,Pontes e Lacerda,Pontes e Lacerda,2,0,0,2
12/05/2020,Rondonopolis,Poxoreu,0,1,0,1
12/05/2020,Rondonopolis,Primavera do Leste,10,9,0,19
12/05/2020,Agua Boa,Querencia,6,0,1,7
12/05/2020,Caceres,Rio Branco,0,2,0,2
12/05/2020,Rondonopolis,Rondonopolis,21,40,2,63
12/05/2020,Diamantino,Rosario Oeste,11,0,0,11
12/05/2020,Baixada Cuiabana,Santo Antonio do Leverger,1,0,0,1
12/05/2020,Caceres,Sao Jose dos Quatro Marcos,1,5,0,6
12/05/2020,Rondonopolis,Sao Pedro da Cipa,2,0,0,2
12/05/2020,Sinop,Sinop,5,18,2,25
12/05/2020,Sinop,Sorriso,12,0,0,12
12/05/2020,Tangara da Serra,Tangara da Serra,4,10,0,14
12/05/2020,Sinop,Tapurah,3,0,0,3
12/05/2020,Sinop,Uniao do Sul,0,1,0,1
12/05/2020,Pontes e Lacerda,Vale de Sao Domingos,1,0,1,2
12/05/2020,Baixada Cuiabana,Varzea Grande,34,13,2,49
12/05/2020,Pontes e Lacerda,Vila Bela da Santissima Trindade,2,0,0,2
13/05/2020,Baixada Cuiabana,Acorizal,1,0,0,1
13/05/2020,Agua Boa,Agua Boa,2,0,0,2
13/05/2020,Alta Floresta,Alta Floresta,6,1,0,7
13/05/2020,Juina,Aripuana,1,1,1,3
13/05/2020,Barra do Garcas,Barra do Garcas,25,9,3,37
13/05/2020,Caceres,Caceres,9,6,2,17
13/05/2020,Tangara da Serra,Campo Novo do Parecis,1,1,0,2
13/05/2020,Agua Boa,Canarana,1,1,0,2
13/05/2020,Baixada Cuiabana,Chapada dos Guimaraes,6,0,0,6
13/05/2020,Porto Alegre do Norte,Confresa,7,3,0,10
13/05/2020,Pontes e Lacerda,Conquista do Oeste,0,1,0,1
13/05/2020,Juina,Cotriguacu,1,0,0,1
13/05/2020,Baixada Cuiabana,Cuiaba,105,120,2,227
13/05/2020,Caceres,Curvelandia,2,2,0,4
13/05/2020,Sinop,Ipiranga do Norte,0,3,0,3
13/05/2020,Rondonopolis,Jaciara,3,9,0,12
13/05/2020,Baixada Cuiabana,Jangada,6,0,0,6
13/05/2020,Caceres,Lambari do Oeste,0,1,0,1
13/05/2020,Sinop,Lucas do Rio Verde,17,5,1,23
13/05/2020,Caceres,Mirassol do Oeste,0,7,1,8
13/05/2020,Diamantino,Nobres,1,0,0,1
13/05/2020,Baixada Cuiabana,Nossa Senhora do Livramento,1,0,0,1
13/05/2020,Pontes e Lacerda,Nova Lacerda,1,0,0,1
13/05/2020,Alta Floresta,Nova Monte Verde,0,1,0,1
13/05/2020,Sinop,Nova Mutum,5,5,1,11
13/05/2020,Peixoto de Azevedo,Peixoto de Azevedo,9,4,0,13
13/05/2020,Baixada Cuiabana,Pocone,0,2,0,2
13/05/2020,Barra do Garcas,Pontal do Araguaia,1,1,0,2
13/05/2020,Barra do Garcas,Ponte Branca,0,0,1,1
13/05/2020,Pontes e Lacerda,Pontes e Lacerda,2,0,0,2
13/05/2020,Rondonopolis,Poxoreu,0,1,0,1
13/05/2020,Rondonopolis,Primavera do Leste,12,9,0,21
13/05/2020,Agua Boa,Querencia,6,0,1,7
13/05/2020,Caceres,Rio Branco,0,2,0,2
13/05/2020,Rondonopolis,Rondonopolis,24,40,2,66
13/05/2020,Diamantino,Rosario Oeste,16,0,0,16
13/05/2020,Baixada Cuiabana,Santo Antonio do Leverger,1,0,0,1
13/05/2020,Sao Felix do Araguaia,Sao Felix do Araguaia,1,0,0,1
13/05/2020,Caceres,Sao Jose dos Quatro Marcos,1,5,0,6
13/05/2020,Rondonopolis,Sao Pedro da Cipa,2,0,0,2
13/05/2020,Sinop,Sinop,6,18,2,26
13/05/2020,Sinop,Sorriso,12,0,0,12
13/05/2020,Tangara da Serra,Tangara da Serra,7,11,0,18
13/05/2020,Sinop,Tapurah,3,0,0,3
13/05/2020,Sinop,Uniao do Sul,0,1,0,1
13/05/2020,Pontes e Lacerda,Vale de Sao Domingos,1,0,1,2
13/05/2020,Baixada Cuiabana,Varzea Grande,46,13,2,61
13/05/2020,Pontes e Lacerda,Vila Bela da Santissima Trindade,2,0,0,2
14/05/2020,Baixada Cuiabana,Acorizal,1,0,0,1
14/05/2020,Agua Boa,Agua Boa,3,0,0,3
14/05/2020,Alta Floresta,Alta Floresta,6,1,0,7
14/05/2020,Diamantino,Alto Paraguai,1,0,0,1
14/05/2020,Juina,Aripuana,1,1,1,3
14/05/2020,Barra do Garcas,Barra do Garcas,33,9,3,45
14/05/2020,Caceres,Caceres,10,6,2,18
14/05/2020,Tangara da Serra,Campo Novo do Parecis,1,1,0,2
14/05/2020,Rondonopolis,Campo Verde,1,0,0,1
14/05/2020,Agua Boa,Canarana,1,1,0,2
14/05/2020,Baixada Cuiabana,Chapada dos Guimaraes,5,0,1,6
14/05/2020,Porto Alegre do Norte,Confresa,8,3,0,11
14/05/2020,Pontes e Lacerda,Conquista do Oeste,0,1,0,1
14/05/2020,Juina,Cotriguacu,1,0,0,1
14/05/2020,Baixada Cuiabana,Cuiaba,110,123,2,235
14/05/2020,Caceres,Curvelandia,2,2,0,4
14/05/2020,Sinop,Ipiranga do Norte,0,3,0,3
14/05/2020,Rondonopolis,Jaciara,3,9,0,12
14/05/2020,Baixada Cuiabana,Jangada,7,0,0,7
14/05/2020,Rondonopolis,Juscimeira,1,0,0,1
14/05/2020,Caceres,Lambari do Oeste,0,1,0,1
14/05/2020,Sinop,Lucas do Rio Verde,23,5,2,30
14/05/2020,Caceres,Mirassol do Oeste,0,7,1,8
14/05/2020,Diamantino,Nobres,1,0,0,1
14/05/2020,Baixada Cuiabana,Nossa Senhora do Livramento,1,0,0,1
14/05/2020,Pontes e Lacerda,Nova Lacerda,2,0,0,2
14/05/2020,Alta Floresta,Nova Monte Verde,0,1,0,1
14/05/2020,Sinop,Nova Mutum,4,8,1,13
14/05/2020,Peixoto de Azevedo,Peixoto de Azevedo,9,4,0,13
14/05/2020,Baixada Cuiabana,Pocone,0,2,0,2
14/05/2020,Barra do Garcas,Pontal do Araguaia,2,1,0,3
14/05/2020,Barra do Garcas,Ponte Branca,0,0,1,1
14/05/2020,Pontes e Lacerda,Pontes e Lacerda,2,0,0,2
14/05/2020,Rondonopolis,Poxoreu,0,1,0,1
14/05/2020,Rondonopolis,Primavera do Leste,19,9,0,28
14/05/2020,Agua Boa,Querencia,5,1,1,7
14/05/2020,Caceres,Rio Branco,0,2,0,2
14/05/2020,Rondonopolis,Rondonopolis,27,40,2,69
14/05/2020,Diamantino,Rosario Oeste,16,0,0,16
14/05/2020,Baixada Cuiabana,Santo Antonio do Leverger,0,1,0,1
14/05/2020,Sao Felix do Araguaia,Sao Felix do Araguaia,1,0,0,1
14/05/2020,Caceres,Sao Jose dos Quatro Marcos,1,5,0,6
14/05/2020,Rondonopolis,Sao Pedro da Cipa,2,0,0,2
14/05/2020,Sinop,Sinop,6,18,2,26
14/05/2020,Sinop,Sorriso,16,2,0,18
14/05/2020,Tangara da Serra,Tangara da Serra,7,11,0,18
14/05/2020,Sinop,Tapurah,7,0,0,7
14/05/2020,Sinop,Uniao do Sul,0,1,0,1
14/05/2020,Pontes e Lacerda,Vale de Sao Domingos,1,0,1,2
14/05/2020,Baixada Cuiabana,Varzea Grande,50,13,3,66
14/05/2020,Pontes e Lacerda,Vila Bela da Santissima Trindade,2,0,0,2
15/05/2020,Baixada Cuiabana,Acorizal,1,0,0,1
15/05/2020,Agua Boa,Agua Boa,3,0,0,3
15/05/2020,Alta Floresta,Alta Floresta,6,1,0,7
15/05/2020,Diamantino,Alto Paraguai,1,0,0,1
15/05/2020,Juina,Aripuana,1,1,1,3
15/05/2020,Barra do Garcas,Barra do Garcas,33,9,3,45
15/05/2020,Caceres,Caceres,9,7,2,18
15/05/2020,Tangara da Serra,Campo Novo do Parecis,1,1,0,2
15/05/2020,Rondonopolis,Campo Verde,1,0,0,1
15/05/2020,Agua Boa,Canarana,1,1,0,2
15/05/2020,Baixada Cuiabana,Chapada dos Guimaraes,5,1,1,7
15/05/2020,Porto Alegre do Norte,Confresa,14,3,0,17
15/05/2020,Pontes e Lacerda,Conquista do Oeste,0,1,0,1
15/05/2020,Juina,Cotriguacu,1,0,0,1
15/05/2020,Baixada Cuiabana,Cuiaba,125,125,2,252
15/05/2020,Caceres,Curvelandia,2,2,0,4
15/05/2020,Sinop,Ipiranga do Norte,0,3,0,3
15/05/2020,Rondonopolis,Jaciara,2,10,0,12
15/05/2020,Baixada Cuiabana,Jangada,7,0,0,7
15/05/2020,Rondonopolis,Juscimeira,1,0,0,1
15/05/2020,Caceres,Lambari do Oeste,0,1,0,1
15/05/2020,Sinop,Lucas do Rio Verde,23,5,2,30
15/05/2020,Caceres,Mirassol do Oeste,0,7,1,8
15/05/2020,Diamantino,Nobres,1,0,0,1
15/05/2020,Baixada Cuiabana,Nossa Senhora do Livramento,1,0,0,1
15/05/2020,Pontes e Lacerda,Nova Lacerda,2,0,0,2
15/05/2020,Alta Floresta,Nova Monte Verde,0,1,0,1
15/05/2020,Sinop,Nova Mutum,3,8,1,12
15/05/2020,Tangara da Serra,Nova Olimpia,1,0,0,1
15/05/2020,Sinop,Nova Ubirata,1,0,0,1
15/05/2020,Barra do Garcas,Nova Xavantina,1,0,0,1
15/05/2020,Peixoto de Azevedo,Peixoto de Azevedo,7,8,0,15
15/05/2020,Baixada Cuiabana,Pocone,0,2,0,2
15/05/2020,Barra do Garcas,Pontal do Araguaia,3,1,0,4
15/05/2020,Barra do Garcas,Ponte Branca,0,0,1,1
15/05/2020,Pontes e Lacerda,Pontes e Lacerda,4,0,0,4
15/05/2020,Rondonopolis,Poxoreu,1,1,0,2
15/05/2020,Rondonopolis,Primavera do Leste,22,9,0,31
15/05/2020,Agua Boa,Querencia,5,1,1,7
15/05/2020,Caceres,Rio Branco,0,2,0,2
15/05/2020,Pontes e Lacerda,Rondolandia,0,2,0,2
15/05/2020,Rondonopolis,Rondonopolis,28,40,2,70
15/05/2020,Diamantino,Rosario Oeste,20,0,0,20
15/05/2020,Sinop,Santa Rita do Trivelato,1,0,0,1
15/05/2020,Baixada Cuiabana,Santo Antonio do Leverger,0,1,0,1
15/05/2020,Sao Felix do Araguaia,Sao Felix do Araguaia,1,0,0,1
15/05/2020,Caceres,Sao Jose dos Quatro Marcos,1,5,0,6
15/05/2020,Rondonopolis,Sao Pedro da Cipa,4,0,0,4
15/05/2020,Sinop,Sinop,6,18,2,26
15/05/2020,Sinop,Sorriso,16,2,0,18
15/05/2020,Tangara da Serra,Tangara da Serra,14,11,0,25
15/05/2020,Sinop,Tapurah,7,0,0,7
15/05/2020,Sinop,Uniao do Sul,0,1,0,1
15/05/2020,Pontes e Lacerda,Vale de Sao Domingos,1,0,1,2
15/05/2020,Baixada Cuiabana,Varzea Grande,50,13,4,67
15/05/2020,Pontes e Lacerda,Vila Bela da Santissima Trindade,2,0,0,2
15/05/2020,Porto Alegre do Norte,Vila Rica,4,0,0,4
16/05/2020,Baixada Cuiabana,Acorizal,1,0,0,1
16/05/2020,Agua Boa,Agua Boa,3,0,0,3
16/05/2020,Alta Floresta,Alta Floresta,6,1,0,7
16/05/2020,Rondonopolis,Alto Araguaia,2,0,0,2
16/05/2020,Diamantino,Alto Paraguai,1,0,0,1
16/05/2020,Juina,Aripuana,1,1,1,3
16/05/2020,Barra do Garcas,Barra do Garcas,40,9,3,52
16/05/2020,Caceres,Caceres,9,7,2,18
16/05/2020,Tangara da Serra,Campo Novo do Parecis,2,1,0,3
16/05/2020,Rondonopolis,Campo Verde,1,0,0,1
16/05/2020,Agua Boa,Canarana,1,1,0,2
16/05/2020,Baixada Cuiabana,Chapada dos Guimaraes,5,1,1,7
16/05/2020,Porto Alegre do Norte,Confresa,14,3,0,17
16/05/2020,Pontes e Lacerda,Conquista do Oeste,0,1,0,1
16/05/2020,Juina,Cotriguacu,1,0,0,1
16/05/2020,Baixada Cuiabana,Cuiaba,136,127,2,265
16/05/2020,Caceres,Curvelandia,2,2,0,4
16/05/2020,Sinop,Ipiranga do Norte,0,3,0,3
16/05/2020,Rondonopolis,Jaciara,2,10,0,12
16/05/2020,Baixada Cuiabana,Jangada,7,0,0,7
16/05/2020,Rondonopolis,Juscimeira,2,0,0,2
16/05/2020,Caceres,Lambari do Oeste,0,1,0,1
16/05/2020,Sinop,Lucas do Rio Verde,24,5,2,31
16/05/2020,Caceres,Mirassol do Oeste,0,7,1,8
16/05/2020,Diamantino,Nobres,1,0,0,1
16/05/2020,Baixada Cuiabana,Nossa Senhora do Livramento,1,0,0,1
16/05/2020,Pontes e Lacerda,Nova Lacerda,2,0,0,2
16/05/2020,Alta Floresta,Nova Monte Verde,0,1,0,1
16/05/2020,Sinop,Nova Mutum,3,8,1,12
16/05/2020,Tangara da Serra,Nova Olimpia,1,0,0,1
16/05/2020,Sinop,Nova Ubirata,1,0,0,1
16/05/2020,Barra do Garcas,Nova Xavantina,1,0,0,1
16/05/2020,Peixoto de Azevedo,Peixoto de Azevedo,7,8,0,15
16/05/2020,Baixada Cuiabana,Pocone,0,2,0,2
16/05/2020,Barra do Garcas,Pontal do Araguaia,3,1,0,4
16/05/2020,Barra do Garcas,Ponte Branca,0,0,1,1
16/05/2020,Pontes e Lacerda,Pontes e Lacerda,4,0,0,4
16/05/2020,Rondonopolis,Poxoreu,1,1,0,2
16/05/2020,Rondonopolis,Primavera do Leste,25,9,0,34
16/05/2020,Agua Boa,Querencia,5,1,1,7
16/05/2020,Caceres,Rio Branco,0,2,0,2
16/05/2020,Pontes e Lacerda,Rondolandia,0,2,0,2
16/05/2020,Rondonopolis,Rondonopolis,32,45,3,80
16/05/2020,Diamantino,Rosario Oeste,23,0,0,23
16/05/2020,Sinop,Santa Rita do Trivelato,1,0,0,1
16/05/2020,Baixada Cuiabana,Santo Antonio do Leverger,0,1,0,1
16/05/2020,Sao Felix do Araguaia,Sao Felix do Araguaia,1,0,0,1
16/05/2020,Caceres,Sao Jose dos Quatro Marcos,1,5,0,6
16/05/2020,Rondonopolis,Sao Pedro da Cipa,4,0,0,4
16/05/2020,Sinop,Sinop,8,18,2,28
16/05/2020,Sinop,Sorriso,25,2,0,27
16/05/2020,Tangara da Serra,Tangara da Serra,23,11,0,34
16/05/2020,Sinop,Tapurah,7,0,0,7
16/05/2020,Sinop,Uniao do Sul,0,1,0,1
16/05/2020,Pontes e Lacerda,Vale de Sao Domingos,1,0,1,2
16/05/2020,Baixada Cuiabana,Varzea Grande,54,13,4,71
16/05/2020,Pontes e Lacerda,Vila Bela da Santissima Trindade,2,0,0,2
16/05/2020,Porto Alegre do Norte,Vila Rica,4,0,0,4
17/05/2020,Baixada Cuiabana,Acorizal,1,0,0,1
17/05/2020,Agua Boa,Agua Boa,3,0,0,3
17/05/2020,Alta Floresta,Alta Floresta,7,2,0,9
17/05/2020,Rondonopolis,Alto Araguaia,2,0,0,2
17/05/2020,Rondonopolis,Alto Garcas,1,0,0,1
17/05/2020,Diamantino,Alto Paraguai,1,0,0,1
17/05/2020,Juina,Aripuana,1,1,1,3
17/05/2020,Barra do Garcas,Barra do Garcas,41,9,3,53
17/05/2020,Caceres,Caceres,9,7,2,18
17/05/2020,Tangara da Serra,Campo Novo do Parecis,2,1,0,3
17/05/2020,Rondonopolis,Campo Verde,2,0,0,2
17/05/2020,Agua Boa,Canarana,1,1,0,2
17/05/2020,Baixada Cuiabana,Chapada dos Guimaraes,5,1,1,7
17/05/2020,Porto Alegre do Norte,Confresa,14,3,0,17
17/05/2020,Pontes e Lacerda,Conquista do Oeste,0,1,0,1
17/05/2020,Juina,Cotriguacu,1,0,0,1
17/05/2020,Baixada Cuiabana,Cuiaba,143,129,2,274
17/05/2020,Caceres,Curvelandia,2,2,0,4
17/05/2020,Peixoto de Azevedo,Guaranta do Norte,1,0,0,1
17/05/2020,Sinop,Ipiranga do Norte,0,3,0,3
17/05/2020,Rondonopolis,Jaciara,2,10,0,12
17/05/2020,Baixada Cuiabana,Jangada,7,0,0,7
17/05/2020,Rondonopolis,Juscimeira,2,0,0,2
17/05/2020,Caceres,Lambari do Oeste,0,1,0,1
17/05/2020,Sinop,Lucas do Rio Verde,24,5,2,31
17/05/2020,Caceres,Mirassol do Oeste,0,7,1,8
17/05/2020,Diamantino,Nobres,1,0,0,1
17/05/2020,Baixada Cuiabana,Nossa Senhora do Livramento,1,0,0,1
17/05/2020,Pontes e Lacerda,Nova Lacerda,2,0,0,2
17/05/2020,Alta Floresta,Nova Monte Verde,0,1,0,1
17/05/2020,Sinop,Nova Mutum,4,8,1,13
17/05/2020,Tangara da Serra,Nova Olimpia,1,0,0,1
17/05/2020,Sinop,Nova Ubirata,3,0,0,3
17/05/2020,Barra do Garcas,Nova Xavantina,1,0,0,1
17/05/2020,Peixoto de Azevedo,Peixoto de Azevedo,7,8,0,15
17/05/2020,Baixada Cuiabana,Pocone,0,2,0,2
17/05/2020,Barra do Garcas,Pontal do Araguaia,3,1,0,4
17/05/2020,Barra do Garcas,Ponte Branca,0,0,1,1
17/05/2020,Pontes e Lacerda,Pontes e Lacerda,4,0,0,4
17/05/2020,Rondonopolis,Poxoreu,1,1,0,2
17/05/2020,Rondonopolis,Primavera do Leste,27,9,0,36
17/05/2020,Agua Boa,Querencia,10,1,1,12
17/05/2020,Caceres,Rio Branco,0,2,0,2
17/05/2020,Pontes e Lacerda,Rondolandia,0,2,0,2
17/05/2020,Rondonopolis,Rondonopolis,43,45,3,91
17/05/2020,Diamantino,Rosario Oeste,23,0,0,23
17/05/2020,Sinop,Santa Rita do Trivelato,1,0,0,1
17/05/2020,Baixada Cuiabana,Santo Antonio do Leverger,0,1,0,1
17/05/2020,Sao Felix do Araguaia,Sao Felix do Araguaia,1,0,0,1
17/05/2020,Caceres,Sao Jose dos Quatro Marcos,1,5,0,6
17/05/2020,Rondonopolis,Sao Pedro da Cipa,5,0,0,5
17/05/2020,Sinop,Sinop,8,19,2,29
17/05/2020,Sinop,Sorriso,25,2,0,27
17/05/2020,Tangara da Serra,Tangara da Serra,23,11,0,34
17/05/2020,Sinop,Tapurah,7,0,0,7
17/05/2020,Sinop,Uniao do Sul,0,1,0,1
17/05/2020,Pontes e Lacerda,Vale de Sao Domingos,1,0,1,2
17/05/2020,Baixada Cuiabana,Varzea Grande,54,18,4,91
17/05/2020,Pontes e Lacerda,Vila Bela da Santissima Trindade,2,0,0,2
17/05/2020,Porto Alegre do Norte,Vila Rica,4,0,0,4
18/05/2020,Baixada Cuiabana,Acorizal,1,0,0,1
18/05/2020,Agua Boa,Agua Boa,2,1,0,3
18/05/2020,Alta Floresta,Alta Floresta,7,2,0,9
18/05/2020,Rondonopolis,Alto Araguaia,2,0,0,2
18/05/2020,Rondonopolis,Alto Garcas,1,0,0,1
18/05/2020,Diamantino,Alto Paraguai,1,0,0,1
18/05/2020,Juina,Aripuana,1,1,1,3
18/05/2020,Barra do Garcas,Barra do Garcas,43,9,3,55
18/05/2020,Caceres,Caceres,9,7,2,18
18/05/2020,Tangara da Serra,Campo Novo do Parecis,2,1,0,3
18/05/2020,Rondonopolis,Campo Verde,2,0,0,2
18/05/2020,Agua Boa,Canarana,0,2,0,2
18/05/2020,Baixada Cuiabana,Chapada dos Guimaraes,5,1,1,7
18/05/2020,Porto Alegre do Norte,Confresa,16,3,0,19
18/05/2020,Pontes e Lacerda,Conquista do Oeste,1,1,0,2
18/05/2020,Juina,Cotriguacu,1,0,0,1
18/05/2020,Baixada Cuiabana,Cuiaba,159,129,5,293
18/05/2020,Caceres,Curvelandia,2,2,0,4
18/05/2020,Peixoto de Azevedo,Guaranta do Norte,1,0,0,1
18/05/2020,Sinop,Ipiranga do Norte,0,3,0,3
18/05/2020,Rondonopolis,Jaciara,0,12,0,12
18/05/2020,Baixada Cuiabana,Jangada,7,0,0,7
18/05/2020,Rondonopolis,Juscimeira,2,0,0,2
18/05/2020,Caceres,Lambari do Oeste,0,1,0,1
18/05/2020,Sinop,Lucas do Rio Verde,25,5,2,32
18/05/2020,Caceres,Mirassol do Oeste,0,7,1,8
18/05/2020,Diamantino,Nobres,1,0,0,1
18/05/2020,Baixada Cuiabana,Nossa Senhora do Livramento,1,0,0,1
18/05/2020,Pontes e Lacerda,Nova Lacerda,3,0,0,3
18/05/2020,Alta Floresta,Nova Monte Verde,0,1,0,1
18/05/2020,Sinop,Nova Mutum,3,9,1,13
18/05/2020,Tangara da Serra,Nova Olimpia,1,0,0,1
18/05/2020,Sinop,Nova Ubirata,3,0,0,3
18/05/2020,Barra do Garcas,Nova Xavantina,1,0,0,1
18/05/2020,Peixoto de Azevedo,Peixoto de Azevedo,1,14,0,15
18/05/2020,Baixada Cuiabana,Pocone,0,2,0,2
18/05/2020,Barra do Garcas,Pontal do Araguaia,3,1,0,4
18/05/2020,Barra do Garcas,Ponte Branca,0,0,1,1
18/05/2020,Pontes e Lacerda,Pontes e Lacerda,5,1,0,6
18/05/2020,Porto Alegre do Norte,Porto Alegre do Norte,1,0,0,1
18/05/2020,Rondonopolis,Poxoreu,1,1,0,2
18/05/2020,Rondonopolis,Primavera do Leste,30,9,0,39
18/05/2020,Agua Boa,Querencia,8,3,1,12
18/05/2020,Caceres,Rio Branco,0,2,0,2
18/05/2020,Pontes e Lacerda,Rondolandia,0,2,0,2
18/05/2020,Rondonopolis,Rondonopolis,45,45,3,93
18/05/2020,Diamantino,Rosario Oeste,25,0,0,25
18/05/2020,Sinop,Santa Rita do Trivelato,1,0,0,1
18/05/2020,Baixada Cuiabana,Santo Antonio do Leverger,0,1,0,1
18/05/2020,Sao Felix do Araguaia,Sao Felix do Araguaia,1,0,0,1
18/05/2020,Caceres,Sao Jose dos Quatro Marcos,1,5,0,6
18/05/2020,Rondonopolis,Sao Pedro da Cipa,5,0,0,5
18/05/2020,Sinop,Sinop,9,19,2,30
18/05/2020,Sinop,Sorriso,25,2,0,27
18/05/2020,Tangara da Serra,Tangara da Serra,23,11,0,34
18/05/2020,Sinop,Tapurah,9,0,0,9
18/05/2020,Sinop,Uniao do Sul,0,1,0,1
18/05/2020,Pontes e Lacerda,Vale de Sao Domingos,1,0,1,2
18/05/2020,Baixada Cuiabana,Varzea Grande,54,18,4,76
18/05/2020,Pontes e Lacerda,Vila Bela da Santissima Trindade,2,0,0,2
18/05/2020,Porto Alegre do Norte,Vila Rica,4,0,0,4
19/05/2020,Baixada Cuiabana,Acorizal,1,0,0,1
19/05/2020,Agua Boa,Agua Boa,1,2,0,3
19/05/2020,Alta Floresta,Alta Floresta,7,2,0,9
19/05/2020,Rondonopolis,Alto Araguaia,2,0,0,2
19/05/2020,Sao Felix do Araguaia,Alto Boa Vista,0,0,1,1
19/05/2020,Rondonopolis,Alto Garcas,1,0,0,1
19/05/2020,Diamantino,Alto Paraguai,1,0,0,1
19/05/2020,Juina,Aripuana,1,1,1,3
19/05/2020,Barra do Garcas,Barra do Garcas,44,13,3,60
19/05/2020,Caceres,Caceres,9,7,3,19
19/05/2020,Tangara da Serra,Campo Novo do Parecis,2,1,0,3
19/05/2020,Rondonopolis,Campo Verde,4,0,0,4
19/05/2020,Pontes e Lacerda,Campos de Julho,1,0,0,1
19/05/2020,Agua Boa,Canarana,0,2,0,2
19/05/2020,Baixada Cuiabana,Chapada dos Guimaraes,5,1,1,7
19/05/2020,Porto Alegre do Norte,Confresa,19,3,0,22
19/05/2020,Pontes e Lacerda,Conquista do Oeste,1,1,0,2
19/05/2020,Juina,Cotriguacu,1,0,0,1
19/05/2020,Baixada Cuiabana,Cuiaba,161,143,5,309
19/05/2020,Caceres,Curvelandia,2,2,0,4
19/05/2020,Peixoto de Azevedo,Guaranta do Norte,1,0,0,1
19/05/2020,Sinop,Ipiranga do Norte,0,3,0,3
19/05/2020,Rondonopolis,Jaciara,5,12,0,17
19/05/2020,Baixada Cuiabana,Jangada,7,0,0,7
19/05/2020,Pontes e Lacerda,Jauru,1,0,0,1
19/05/2020,Rondonopolis,Juscimeira,2,0,0,2
19/05/2020,Caceres,Lambari do Oeste,0,1,0,1
19/05/2020,Sinop,Lucas do Rio Verde,25,5,2,32
19/05/2020,Caceres,Mirassol do Oeste,0,7,1,8
19/05/2020,Diamantino,Nobres,1,0,0,1
19/05/2020,Baixada Cuiabana,Nossa Senhora do Livramento,1,0,0,1
19/05/2020,Pontes e Lacerda,Nova Lacerda,3,0,0,3
19/05/2020,Alta Floresta,Nova Monte Verde,0,1,0,1
19/05/2020,Sinop,Nova Mutum,6,9,1,16
19/05/2020,Tangara da Serra,Nova Olimpia,1,0,0,1
19/05/2020,Sinop,Nova Ubirata,3,0,0,3
19/05/2020,Barra do Garcas,Nova Xavantina,1,0,0,1
19/05/2020,Peixoto de Azevedo,Peixoto de Azevedo,4,14,0,18
19/05/2020,Baixada Cuiabana,Pocone,1,2,0,3
19/05/2020,Barra do Garcas,Pontal do Araguaia,3,1,0,4
19/05/2020,Barra do Garcas,Ponte Branca,0,0,1,1
19/05/2020,Pontes e Lacerda,Pontes e Lacerda,5,1,0,6
19/05/2020,Porto Alegre do Norte,Porto Alegre do Norte,1,0,0,1
19/05/2020,Rondonopolis,Poxoreu,1,1,0,2
19/05/2020,Rondonopolis,Primavera do Leste,31,9,0,40
19/05/2020,Agua Boa,Querencia,9,3,1,13
19/05/2020,Caceres,Rio Branco,0,2,0,2
19/05/2020,Pontes e Lacerda,Rondolandia,0,2,0,2
19/05/2020,Rondonopolis,Rondonopolis,49,45,3,97
19/05/2020,Diamantino,Rosario Oeste,26,0,0,26
19/05/2020,Sinop,Santa Rita do Trivelato,1,0,0,1
19/05/2020,Baixada Cuiabana,Santo Antonio do Leverger,0,1,0,1
19/05/2020,Sao Felix do Araguaia,Sao Felix do Araguaia,1,0,0,1
19/05/2020,Caceres,Sao Jose dos Quatro Marcos,1,5,0,6
19/05/2020,Rondonopolis,Sao Pedro da Cipa,6,0,0,6
19/05/2020,Tangara da Serra,Sapezal,1,0,0,1
19/05/2020,Sinop,Sinop,12,18,2,32
19/05/2020,Sinop,Sorriso,19,9,0,28
19/05/2020,Tangara da Serra,Tangara da Serra,24,11,0,35
19/05/2020,Sinop,Tapurah,9,0,0,9
19/05/2020,Sinop,Uniao do Sul,0,1,0,1
19/05/2020,Pontes e Lacerda,Vale de Sao Domingos,1,0,1,2
19/05/2020,Baixada Cuiabana,Varzea Grande,62,19,4,85
19/05/2020,Pontes e Lacerda,Vila Bela da Santissima Trindade,2,0,0,2
19/05/2020,Porto Alegre do Norte,Vila Rica,5,0,0,5
20/05/2020,Baixada Cuiabana,Acorizal,2,0,0,2
20/05/2020,Agua Boa,Agua Boa,1,2,0,3
20/05/2020,Alta Floresta,Alta Floresta,8,2,0,10
20/05/2020,Rondonopolis,Alto Araguaia,2,0,0,2
20/05/2020,Sao Felix do Araguaia,Alto Boa Vista,0,0,1,1
20/05/2020,Rondonopolis,Alto Garcas,1,0,0,1
20/05/2020,Diamantino,Alto Paraguai,1,0,0,1
20/05/2020,Juina,Aripuana,3,1,1,5
20/05/2020,Barra do Garcas,Barra do Garcas,45,13,3,61
20/05/2020,Sao Felix do Araguaia,Bom Jesus do Araguaia,1,0,0,1
20/05/2020,Caceres,Caceres,9,7,3,19
20/05/2020,Tangara da Serra,Campo Novo do Parecis,2,1,0,3
20/05/2020,Rondonopolis,Campo Verde,4,0,0,4
20/05/2020,Pontes e Lacerda,Campos de Julho,1,0,0,1
20/05/2020,Agua Boa,Canarana,0,2,0,2
20/05/2020,Baixada Cuiabana,Chapada dos Guimaraes,5,1,1,7
20/05/2020,Porto Alegre do Norte,Confresa,19,7,0,26
20/05/2020,Pontes e Lacerda,Conquista do Oeste,2,1,0,3
20/05/2020,Juina,Cotriguacu,2,0,0,2
20/05/2020,Baixada Cuiabana,Cuiaba,185,144,5,334
20/05/2020,Caceres,Curvelandia,2,2,0,4
20/05/2020,Peixoto de Azevedo,Guaranta do Norte,3,0,0,3
20/05/2020,Sinop,Ipiranga do Norte,0,3,0,3
20/05/2020,Rondonopolis,Jaciara,5,12,0,17
20/05/2020,Baixada Cuiabana,Jangada,7,0,0,7
20/05/2020,Pontes e Lacerda,Jauru,1,0,0,1
20/05/2020,Rondonopolis,Juscimeira,2,0,0,2
20/05/2020,Caceres,Lambari do Oeste,0,1,0,1
20/05/2020,Sinop,Lucas do Rio Verde,28,11,2,41
20/05/2020,Caceres,Mirassol do Oeste,0,7,1,8
20/05/2020,Diamantino,Nobres,1,0,0,1
20/05/2020,Baixada Cuiabana,Nossa Senhora do Livramento,1,0,0,1
20/05/2020,Pontes e Lacerda,Nova Lacerda,3,0,0,3
20/05/2020,Alta Floresta,Nova Monte Verde,0,1,0,1
20/05/2020,Sinop,Nova Mutum,6,10,1,17
20/05/2020,Tangara da Serra,Nova Olimpia,1,0,0,1
20/05/2020,Sinop,Nova Ubirata,3,0,0,3
20/05/2020,Barra do Garcas,Nova Xavantina,1,0,0,1
20/05/2020,Peixoto de Azevedo,Novo Mundo,1,0,0,1
20/05/2020,Peixoto de Azevedo,Peixoto de Azevedo,6,14,0,20
20/05/2020,Baixada Cuiabana,Pocone,1,2,0,3
20/05/2020,Barra do Garcas,Pontal do Araguaia,3,1,0,4
20/05/2020,Barra do Garcas,Ponte Branca,0,0,1,1
20/05/2020,Pontes e Lacerda,Pontes e Lacerda,7,1,0,8
20/05/2020,Porto Alegre do Norte,Porto Alegre do Norte,1,0,0,1
20/05/2020,Rondonopolis,Poxoreu,1,1,0,2
20/05/2020,Rondonopolis,Primavera do Leste,34,10,0,44
20/05/2020,Agua Boa,Querencia,10,3,1,14
20/05/2020,Agua Boa,Ribeirao Cascalheira,1,0,0,1
20/05/2020,Caceres,Rio Branco,0,2,0,2
20/05/2020,Pontes e Lacerda,Rondolandia,0,2,0,2
20/05/2020,Rondonopolis,Rondonopolis,50,46,3,99
20/05/2020,Diamantino,Rosario Oeste,30,0,0,30
20/05/2020,Sinop,Santa Rita do Trivelato,1,0,0,1
20/05/2020,Baixada Cuiabana,Santo Antonio do Leverger,0,1,0,1
20/05/2020,Sao Felix do Araguaia,Sao Felix do Araguaia,1,0,0,1
20/05/2020,Rondonopolis,Sao Jose do Povo,1,0,0,1
20/05/2020,Porto Alegre do Norte,Sao Jose do Xingu,1,0,0,1
20/05/2020,Caceres,Sao Jose dos Quatro Marcos,1,5,0,6
20/05/2020,Rondonopolis,Sao Pedro da Cipa,6,0,0,6
20/05/2020,Tangara da Serra,Sapezal,1,0,0,1
20/05/2020,Sinop,Sinop,12,18,2,32
20/05/2020,Sinop,Sorriso,23,8,0,31
20/05/2020,Tangara da Serra,Tangara da Serra,18,22,0,40
20/05/2020,Sinop,Tapurah,9,0,0,9
20/05/2020,Sinop,Uniao do Sul,0,1,0,1
20/05/2020,Pontes e Lacerda,Vale de Sao Domingos,1,0,1,2
20/05/2020,Baixada Cuiabana,Varzea Grande,71,19,4,94
20/05/2020,Pontes e Lacerda,Vila Bela da Santissima Trindade,2,0,0,2
20/05/2020,Porto Alegre do Norte,Vila Rica,5,0,0,5
21/05/2020,Baixada Cuiabana,Acorizal,3,0,0,3
21/05/2020,Agua Boa,Agua Boa,1,2,0,3
21/05/2020,Alta Floresta,Alta Floresta,8,2,0,10
21/05/2020,Rondonopolis,Alto Araguaia,7,0,0,7
21/05/2020,Sao Felix do Araguaia,Alto Boa Vista,0,0,1,1
21/05/2020,Rondonopolis,Alto Garcas,1,0,0,1
21/05/2020,Diamantino,Alto Paraguai,1,0,0,1
21/05/2020,Juina,Aripuana,3,1,1,5
21/05/2020,Barra do Garcas,Barra do Garcas,45,13,3,61
21/05/2020,Sao Felix do Araguaia,Bom Jesus do Araguaia,1,0,0,1
21/05/2020,Caceres,Caceres,7,9,3,19
21/05/2020,Tangara da Serra,Campo Novo do Parecis,2,1,0,3
21/05/2020,Rondonopolis,Campo Verde,7,0,0,7
21/05/2020,Pontes e Lacerda,Campos de Julho,1,0,0,1
21/05/2020,Agua Boa,Canarana,0,2,0,2
21/05/2020,Baixada Cuiabana,Chapada dos Guimaraes,5,1,1,7
21/05/2020,Colider,Colider,1,0,0,1
21/05/2020,Porto Alegre do Norte,Confresa,19,7,0,26
21/05/2020,Pontes e Lacerda,Conquista do Oeste,2,1,0,3
21/05/2020,Juina,Cotriguacu,2,0,0,2
21/05/2020,Baixada Cuiabana,Cuiaba,215,160,5,380
21/05/2020,Caceres,Curvelandia,1,3,0,4
21/05/2020,Rondonopolis,Dom Aquino,2,0,0,2
21/05/2020,Peixoto de Azevedo,Guaranta do Norte,3,0,0,3
21/05/2020,Sinop,Ipiranga do Norte,0,3,0,3
21/05/2020,Rondonopolis,Jaciara,8,12,0,20
21/05/2020,Baixada Cuiabana,Jangada,7,0,0,7
21/05/2020,Pontes e Lacerda,Jauru,1,0,0,1
21/05/2020,Rondonopolis,Juscimeira,2,0,0,2
21/05/2020,Caceres,Lambari do Oeste,0,1,0,1
21/05/2020,Sinop,Lucas do Rio Verde,28,11,2,41
21/05/2020,Peixoto de Azevedo,Matupa,4,0,0,4
21/05/2020,Caceres,Mirassol do Oeste,1,7,1,9
21/05/2020,Diamantino,Nobres,1,0,0,1
21/05/2020,Baixada Cuiabana,Nossa Senhora do Livramento,0,1,0,1
21/05/2020,Pontes e Lacerda,Nova Lacerda,3,0,0,3
21/05/2020,Alta Floresta,Nova Monte Verde,0,1,0,1
21/05/2020,Sinop,Nova Mutum,6,10,1,17
21/05/2020,Tangara da Serra,Nova Olimpia,1,0,0,1
21/05/2020,Sinop,Nova Ubirata,5,0,0,5
21/05/2020,Barra do Garcas,Nova Xavantina,1,0,0,1
21/05/2020,Peixoto de Azevedo,Novo Mundo,1,0,0,1
21/05/2020,Rondonopolis,Pedra Preta,1,0,0,1
21/05/2020,Peixoto de Azevedo,Peixoto de Azevedo,7,14,0,21
21/05/2020,Baixada Cuiabana,Pocone,1,2,0,3
21/05/2020,Barra do Garcas,Pontal do Araguaia,3,1,0,4
21/05/2020,Barra do Garcas,Ponte Branca,0,0,1,1
21/05/2020,Pontes e Lacerda,Pontes e Lacerda,7,1,0,8
21/05/2020,Porto Alegre do Norte,Porto Alegre do Norte,1,0,0,1
21/05/2020,Rondonopolis,Poxoreu,1,1,0,2
21/05/2020,Rondonopolis,Primavera do Leste,37,10,0,47
21/05/2020,Agua Boa,Querencia,10,3,1,14
21/05/2020,Agua Boa,Ribeirao Cascalheira,1,0,0,1
21/05/2020,Caceres,Rio Branco,1,2,0,3
21/05/2020,Pontes e Lacerda,Rondolandia,0,2,0,2
21/05/2020,Rondonopolis,Rondonopolis,51,46,3,100
21/05/2020,Diamantino,Rosario Oeste,28,3,0,31
21/05/2020,Sinop,Santa Rita do Trivelato,1,0,0,1
21/05/2020,Baixada Cuiabana,Santo Antonio do Leverger,0,1,0,1
21/05/2020,Sao Felix do Araguaia,Sao Felix do Araguaia,1,0,0,1
21/05/2020,Rondonopolis,Sao Jose do Povo,1,0,0,1
21/05/2020,Porto Alegre do Norte,Sao Jose do Xingu,1,0,0,1
21/05/2020,Caceres,Sao Jose dos Quatro Marcos,1,5,0,6
21/05/2020,Rondonopolis,Sao Pedro da Cipa,4,1,1,6
21/05/2020,Tangara da Serra,Sapezal,1,0,0,1
21/05/2020,Sinop,Sinop,12,18,2,32
21/05/2020,Sinop,Sorriso,19,12,0,31
21/05/2020,Tangara da Serra,Tangara da Serra,21,22,0,43
21/05/2020,Sinop,Tapurah,9,0,0,9
21/05/2020,Sinop,Uniao do Sul,0,1,0,1
21/05/2020,Pontes e Lacerda,Vale de Sao Domingos,1,0,1,2
21/05/2020,Baixada Cuiabana,Varzea Grande,73,30,5,108
21/05/2020,Pontes e Lacerda,Vila Bela da Santissima Trindade,2,0,0,2
21/05/2020,Porto Alegre do Norte,Vila Rica,6,0,0,6
22/05/2020,Baixada Cuiabana,Acorizal,3,0,0,3
22/05/2020,Agua Boa,Agua Boa,1,2,0,3
22/05/2020,Alta Floresta,Alta Floresta,8,4,0,12
22/05/2020,Rondonopolis,Alto Araguaia,5,2,0,7
22/05/2020,Sao Felix do Araguaia,Alto Boa Vista,0,0,1,1
22/05/2020,Rondonopolis,Alto Garcas,1,0,0,1
22/05/2020,Diamantino,Alto Paraguai,1,0,0,1
22/05/2020,Juina,Aripuana,3,1,1,5
22/05/2020,Barra do Garcas,Barra do Garcas,45,13,3,61
22/05/2020,Sao Felix do Araguaia,Bom Jesus do Araguaia,2,0,0,2
22/05/2020,Caceres,Caceres,7,9,3,19
22/05/2020,Tangara da Serra,Campo Novo do Parecis,2,1,0,3
22/05/2020,Rondonopolis,Campo Verde,7,0,0,7
22/05/2020,Pontes e Lacerda,Campos de Julho,1,0,0,1
22/05/2020,Agua Boa,Canarana,0,2,0,2
22/05/2020,Baixada Cuiabana,Chapada dos Guimaraes,5,1,1,7
22/05/2020,Colider,Colider,1,0,0,1
22/05/2020,Porto Alegre do Norte,Confresa,19,9,0,28
22/05/2020,Pontes e Lacerda,Conquista do Oeste,2,1,0,3
22/05/2020,Juina,Cotriguacu,2,0,0,2
22/05/2020,Baixada Cuiabana,Cuiaba,234,161,5,400
22/05/2020,Caceres,Curvelandia,0,3,1,4
22/05/2020,Rondonopolis,Dom Aquino,2,0,0,2
22/05/2020,Peixoto de Azevedo,Guaranta do Norte,4,0,0,4
22/05/2020,Sinop,Ipiranga do Norte,0,3,0,3
22/05/2020,Rondonopolis,Jaciara,12,12,0,24
22/05/2020,Baixada Cuiabana,Jangada,7,0,0,7
22/05/2020,Pontes e Lacerda,Jauru,1,0,0,1
22/05/2020,Juina,Juina,4,0,1,5
22/05/2020,Rondonopolis,Juscimeira,2,0,0,2
22/05/2020,Caceres,Lambari do Oeste,0,1,0,1
22/05/2020,Sinop,Lucas do Rio Verde,29,11,2,42
22/05/2020,Sao Felix do Araguaia,Luciara,1,0,0,1
22/05/2020,Peixoto de Azevedo,Matupa,4,0,0,4
22/05/2020,Caceres,Mirassol do Oeste,2,7,1,10
22/05/2020,Diamantino,Nobres,0,1,0,1
22/05/2020,Baixada Cuiabana,Nossa Senhora do Livramento,2,1,0,3
22/05/2020,Pontes e Lacerda,Nova Lacerda,2,1,0,3
22/05/2020,Alta Floresta,Nova Monte Verde,0,1,0,1
22/05/2020,Sinop,Nova Mutum,7,10,1,18
22/05/2020,Tangara da Serra,Nova Olimpia,1,0,0,1
22/05/2020,Sinop,Nova Ubirata,5,0,0,5
22/05/2020,Barra do Garcas,Nova Xavantina,1,0,0,1
22/05/2020,Peixoto de Azevedo,Novo Mundo,1,0,0,1
22/05/2020,Rondonopolis,Pedra Preta,1,0,0,1
22/05/2020,Peixoto de Azevedo,Peixoto de Azevedo,7,14,0,21
22/05/2020,Baixada Cuiabana,Pocone,1,2,0,3
22/05/2020,Barra do Garcas,Pontal do Araguaia,3,1,0,4
22/05/2020,Barra do Garcas,Ponte Branca,0,0,1,1
22/05/2020,Pontes e Lacerda,Pontes e Lacerda,16,1,0,17
22/05/2020,Porto Alegre do Norte,Porto Alegre do Norte,1,0,0,1
22/05/2020,Rondonopolis,Poxoreu,1,1,0,2
22/05/2020,Rondonopolis,Primavera do Leste,46,10,0,56
22/05/2020,Agua Boa,Querencia,11,3,1,15
22/05/2020,Agua Boa,Ribeirao Cascalheira,2,0,0,2
22/05/2020,Caceres,Rio Branco,1,2,0,3
22/05/2020,Pontes e Lacerda,Rondolandia,0,2,0,2
22/05/2020,Rondonopolis,Rondonopolis,54,46,3,103
22/05/2020,Diamantino,Rosario Oeste,23,8,0,31
22/05/2020,Sinop,Santa Rita do Trivelato,1,0,0,1
22/05/2020,Baixada Cuiabana,Santo Antonio do Leverger,0,1,0,1
22/05/2020,Sao Felix do Araguaia,Sao Felix do Araguaia,1,0,0,1
22/05/2020,Rondonopolis,Sao Jose do Povo,1,0,0,1
22/05/2020,Porto Alegre do Norte,Sao Jose do Xingu,1,0,0,1
22/05/2020,Caceres,Sao Jose dos Quatro Marcos,1,5,0,6
22/05/2020,Rondonopolis,Sao Pedro da Cipa,3,2,1,6
22/05/2020,Tangara da Serra,Sapezal,5,0,0,5
22/05/2020,Sinop,Sinop,14,18,2,34
22/05/2020,Sinop,Sorriso,22,12,0,34
22/05/2020,Tangara da Serra,Tangara da Serra,26,22,0,48
22/05/2020,Sinop,Tapurah,9,0,0,9
22/05/2020,Peixoto de Azevedo,Terra Nova do Norte,1,0,0,1
22/05/2020,Sinop,Uniao do Sul,0,1,0,1
22/05/2020,Pontes e Lacerda,Vale de Sao Domingos,0,1,1,2
22/05/2020,Baixada Cuiabana,Varzea Grande,77,30,6,113
22/05/2020,Pontes e Lacerda,Vila Bela da Santissima Trindade,2,0,0,2
22/05/2020,Porto Alegre do Norte,Vila Rica,6,0,0,6
23/05/2020,Baixada Cuiabana,Acorizal,3,0,0,3
23/05/2020,Agua Boa,Agua Boa,1,2,0,3
23/05/2020,Alta Floresta,Alta Floresta,7,6,0,13
23/05/2020,Rondonopolis,Alto Araguaia,5,2,0,7
23/05/2020,Sao Felix do Araguaia,Alto Boa Vista,0,0,1,1
23/05/2020,Rondonopolis,Alto Garcas,1,0,0,1
23/05/2020,Diamantino,Alto Paraguai,1,0,0,1
23/05/2020,Juina,Aripuana,5,1,1,7
23/05/2020,Barra do Garcas,Barra do Garcas,46,13,3,62
23/05/2020,Sao Felix do Araguaia,Bom Jesus do Araguaia,2,0,0,2
23/05/2020,Caceres,Caceres,7,9,3,19
23/05/2020,Tangara da Serra,Campo Novo do Parecis,6,1,0,7
23/05/2020,Rondonopolis,Campo Verde,8,0,0,8
23/05/2020,Pontes e Lacerda,Campos de Julho,1,0,0,1
23/05/2020,Agua Boa,Canarana,0,2,0,2
23/05/2020,Baixada Cuiabana,Chapada dos Guimaraes,5,1,1,7
23/05/2020,Colider,Colider,2,0,0,2
23/05/2020,Porto Alegre do Norte,Confresa,26,9,0,35
23/05/2020,Pontes e Lacerda,Conquista do Oeste,2,1,0,3
23/05/2020,Juina,Cotriguacu,2,0,0,2
23/05/2020,Baixada Cuiabana,Cuiaba,258,162,5,425
23/05/2020,Caceres,Curvelandia,0,3,1,4
23/05/2020,Rondonopolis,Dom Aquino,2,0,0,2
23/05/2020,Peixoto de Azevedo,Guaranta do Norte,4,0,0,4
23/05/2020,Sinop,Ipiranga do Norte,0,3,0,3
23/05/2020,Rondonopolis,Jaciara,13,12,0,25
23/05/2020,Baixada Cuiabana,Jangada,7,0,0,7
23/05/2020,Pontes e Lacerda,Jauru,2,0,0,2
23/05/2020,Juara,Juara,1,0,0,1
23/05/2020,Juina,Juina,4,0,1,5
23/05/2020,Rondonopolis,Juscimeira,0,2,0,2
23/05/2020,Caceres,Lambari do Oeste,0,1,0,1
23/05/2020,Sinop,Lucas do Rio Verde,33,11,2,46
23/05/2020,Sao Felix do Araguaia,Luciara,1,0,0,1
23/05/2020,Colider,Marcelandia,1,0,0,1
23/05/2020,Peixoto de Azevedo,Matupa,4,0,0,4
23/05/2020,Caceres,Mirassol do Oeste,2,7,1,10
23/05/2020,Diamantino,Nobres,0,1,0,1
23/05/2020,Baixada Cuiabana,Nossa Senhora do Livramento,2,1,0,3
23/05/2020,Pontes e Lacerda,Nova Lacerda,2,1,0,3
23/05/2020,Alta Floresta,Nova Monte Verde,0,1,0,1
23/05/2020,Sinop,Nova Mutum,7,10,1,18
23/05/2020,Tangara da Serra,Nova Olimpia,1,0,0,1
23/05/2020,Sinop,Nova Ubirata,5,0,0,5
23/05/2020,Barra do Garcas,Nova Xavantina,1,0,0,1
23/05/2020,Peixoto de Azevedo,Novo Mundo,1,0,0,1
23/05/2020,Rondonopolis,Pedra Preta,2,0,0,2
23/05/2020,Peixoto de Azevedo,Peixoto de Azevedo,7,14,0,21
23/05/2020,Baixada Cuiabana,Pocone,1,2,0,3
23/05/2020,Barra do Garcas,Pontal do Araguaia,4,1,0,5
23/05/2020,Barra do Garcas,Ponte Branca,0,0,1,1
23/05/2020,Pontes e Lacerda,Pontes e Lacerda,16,1,0,17
23/05/2020,Porto Alegre do Norte,Porto Alegre do Norte,1,0,0,1
23/05/2020,Rondonopolis,Poxoreu,0,2,0,2
23/05/2020,Rondonopolis,Primavera do Leste,53,10,0,63
23/05/2020,Agua Boa,Querencia,11,3,1,15
23/05/2020,Agua Boa,Ribeirao Cascalheira,4,0,0,4
23/05/2020,Caceres,Rio Branco,1,2,0,3
23/05/2020,Pontes e Lacerda,Rondolandia,0,2,0,2
23/05/2020,Rondonopolis,Rondonopolis,58,46,3,107
23/05/2020,Diamantino,Rosario Oeste,25,8,0,33
23/05/2020,Sinop,Santa Rita do Trivelato,1,0,0,1
23/05/2020,Baixada Cuiabana,Santo Antonio do Leverger,1,1,0,2
23/05/2020,Sao Felix do Araguaia,Sao Felix do Araguaia,1,0,0,1
23/05/2020,Rondonopolis,Sao Jose do Povo,1,0,0,1
23/05/2020,Porto Alegre do Norte,Sao Jose do Xingu,1,0,0,1
23/05/2020,Caceres,Sao Jose dos Quatro Marcos,1,5,0,6
23/05/2020,Rondonopolis,Sao Pedro da Cipa,3,2,1,6
23/05/2020,Tangara da Serra,Sapezal,5,0,0,5
23/05/2020,Sinop,Sinop,14,2,18,34
23/05/2020,Sinop,Sorriso,22,12,0,34
23/05/2020,Tangara da Serra,Tangara da Serra,37,23,0,60
23/05/2020,Sinop,Tapurah,9,0,0,9
23/05/2020,Peixoto de Azevedo,Terra Nova do Norte,1,0,0,1
23/05/2020,Sinop,Uniao do Sul,0,1,0,1
23/05/2020,Pontes e Lacerda,Vale de Sao Domingos,0,1,1,2
23/05/2020,Baixada Cuiabana,Varzea Grande,84,30,6,120
23/05/2020,Pontes e Lacerda,Vila Bela da Santissima Trindade,2,0,0,2
23/05/2020,Porto Alegre do Norte,Vila Rica,7,0,0,7
24/05/2020,Baixada Cuiabana,Acorizal,4,0,0,4
24/05/2020,Agua Boa,Agua Boa,1,2,0,3
24/05/2020,Alta Floresta,Alta Floresta,10,6,0,16
24/05/2020,Rondonopolis,Alto Araguaia,5,2,0,7
24/05/2020,Sao Felix do Araguaia,Alto Boa Vista,0,0,1,1
24/05/2020,Rondonopolis,Alto Garcas,1,0,0,1
24/05/2020,Diamantino,Alto Paraguai,1,0,0,1
24/05/2020,Juina,Aripuana,5,1,1,7
24/05/2020,Barra do Garcas,Barra do Garcas,49,13,3,65
24/05/2020,Sao Felix do Araguaia,Bom Jesus do Araguaia,2,0,0,2
24/05/2020,Caceres,Caceres,7,9,3,19
24/05/2020,Tangara da Serra,Campo Novo do Parecis,6,1,0,7
24/05/2020,Rondonopolis,Campo Verde,9,0,0,9
24/05/2020,Pontes e Lacerda,Campos de Julho,1,0,0,1
24/05/2020,Agua Boa,Canarana,0,2,0,2
24/05/2020,Baixada Cuiabana,Chapada dos Guimaraes,6,2,1,9
24/05/2020,Colider,Colider,2,0,0,2
24/05/2020,Porto Alegre do Norte,Confresa,26,9,0,35
24/05/2020,Pontes e Lacerda,Conquista do Oeste,2,1,0,3
24/05/2020,Juina,Cotriguacu,1,0,1,2
24/05/2020,Baixada Cuiabana,Cuiaba,319,163,7,489
24/05/2020,Caceres,Curvelandia,0,3,1,4
24/05/2020,Rondonopolis,Dom Aquino,2,0,0,2
24/05/2020,Peixoto de Azevedo,Guaranta do Norte,4,0,0,4
24/05/2020,Sinop,Ipiranga do Norte,0,3,0,3
24/05/2020,Rondonopolis,Jaciara,13,12,0,25
24/05/2020,Baixada Cuiabana,Jangada,7,0,0,7
24/05/2020,Pontes e Lacerda,Jauru,2,0,0,2
24/05/2020,Juara,Juara,1,0,0,1
24/05/2020,Juina,Juina,4,0,1,5
24/05/2020,Rondonopolis,Juscimeira,0,2,0,2
24/05/2020,Caceres,Lambari do Oeste,0,1,0,1
24/05/2020,Sinop,Lucas do Rio Verde,33,11,2,46
24/05/2020,Sao Felix do Araguaia,Luciara,1,0,0,1
24/05/2020,Colider,Marcelandia,1,0,0,1
24/05/2020,Peixoto de Azevedo,Matupa,4,0,0,4
24/05/2020,Caceres,Mirassol do Oeste,2,7,1,10
24/05/2020,Diamantino,Nobres,0,1,0,1
24/05/2020,Baixada Cuiabana,Nossa Senhora do Livramento,2,1,0,3
24/05/2020,Pontes e Lacerda,Nova Lacerda,2,1,0,3
24/05/2020,Alta Floresta,Nova Monte Verde,0,1,0,1
24/05/2020,Sinop,Nova Mutum,7,10,1,18
24/05/2020,Tangara da Serra,Nova Olimpia,1,0,0,1
24/05/2020,Sinop,Nova Ubirata,5,0,0,5
24/05/2020,Barra do Garcas,Nova Xavantina,1,0,0,1
24/05/2020,Peixoto de Azevedo,Novo Mundo,1,0,0,1
24/05/2020,Rondonopolis,Pedra Preta,2,0,0,2
24/05/2020,Peixoto de Azevedo,Peixoto de Azevedo,7,14,0,21
24/05/2020,Baixada Cuiabana,Pocone,1,2,0,3
24/05/2020,Barra do Garcas,Pontal do Araguaia,4,1,0,5
24/05/2020,Barra do Garcas,Ponte Branca,0,0,1,1
24/05/2020,Pontes e Lacerda,Pontes e Lacerda,16,1,0,17
24/05/2020,Porto Alegre do Norte,Porto Alegre do Norte,1,0,0,1
24/05/2020,Rondonopolis,Poxoreu,0,2,0,2
24/05/2020,Rondonopolis,Primavera do Leste,61,10,0,71
24/05/2020,Agua Boa,Querencia,10,4,1,15
24/05/2020,Agua Boa,Ribeirao Cascalheira,4,0,0,4
24/05/2020,Caceres,Rio Branco,1,2,0,3
24/05/2020,Pontes e Lacerda,Rondolandia,0,2,0,2
24/05/2020,Rondonopolis,Rondonopolis,63,46,3,112
24/05/2020,Diamantino,Rosario Oeste,20,14,0,34
24/05/2020,Sinop,Santa Rita do Trivelato,1,0,0,1
24/05/2020,Baixada Cuiabana,Santo Antonio do Leverger,1,1,0,2
24/05/2020,Sao Felix do Araguaia,Sao Felix do Araguaia,1,0,0,1
24/05/2020,Rondonopolis,Sao Jose do Povo,1,0,0,1
24/05/2020,Porto Alegre do Norte,Sao Jose do Xingu,1,0,0,1
24/05/2020,Caceres,Sao Jose dos Quatro Marcos,1,5,0,6
24/05/2020,Rondonopolis,Sao Pedro da Cipa,3,2,1,6
24/05/2020,Tangara da Serra,Sapezal,5,0,0,5
24/05/2020,Sinop,Sinop,14,18,2,34
24/05/2020,Sinop,Sorriso,25,12,0,37
24/05/2020,Tangara da Serra,Tangara da Serra,43,23,0,66
24/05/2020,Sinop,Tapurah,9,0,0,9
24/05/2020,Peixoto de Azevedo,Terra Nova do Norte,1,0,0,1
24/05/2020,Sinop,Uniao do Sul,0,1,0,1
24/05/2020,Pontes e Lacerda,Vale de Sao Domingos,0,1,1,2
24/05/2020,Baixada Cuiabana,Varzea Grande,88,30,6,124
24/05/2020,Pontes e Lacerda,Vila Bela da Santissima Trindade,2,0,0,2
24/05/2020,Porto Alegre do Norte,Vila Rica,7,0,0,7
25/05/2020,Baixada Cuiabana,Acorizal,4,0,0,4
25/05/2020,Agua Boa,Agua Boa,1,2,0,3
25/05/2020,Alta Floresta,Alta Floresta,9,7,0,16
25/05/2020,Rondonopolis,Alto Araguaia,5,2,0,7
25/05/2020,Sao Felix do Araguaia,Alto Boa Vista,0,0,1,1
25/05/2020,Rondonopolis,Alto Garcas,1,0,0,1
25/05/2020,Diamantino,Alto Paraguai,1,0,0,1
25/05/2020,Juina,Aripuana,5,1,1,7
25/05/2020,Barra do Garcas,Barra do Garcas,50,13,3,66
25/05/2020,Sao Felix do Araguaia,Bom Jesus do Araguaia,2,0,0,2
25/05/2020,Caceres,Caceres,8,9,3,20
25/05/2020,Tangara da Serra,Campo Novo do Parecis,7,1,0,8
25/05/2020,Rondonopolis,Campo Verde,10,0,0,10
25/05/2020,Pontes e Lacerda,Campos de Julho,1,0,0,1
25/05/2020,Agua Boa,Canarana,0,2,0,2
25/05/2020,Baixada Cuiabana,Chapada dos Guimaraes,7,2,1,10
25/05/2020,Colider,Colider,3,0,0,3
25/05/2020,Porto Alegre do Norte,Confresa,34,9,0,43
25/05/2020,Pontes e Lacerda,Conquista do Oeste,3,1,0,4
25/05/2020,Juina,Cotriguacu,1,0,1,2
25/05/2020,Baixada Cuiabana,Cuiaba,343,168,7,518
25/05/2020,Caceres,Curvelandia,0,3,1,4
25/05/2020,Rondonopolis,Dom Aquino,2,0,0,2
25/05/2020,Peixoto de Azevedo,Guaranta do Norte,4,0,0,4
25/05/2020,Sinop,Ipiranga do Norte,0,3,0,3
25/05/2020,Rondonopolis,Jaciara,17,13,0,30
25/05/2020,Baixada Cuiabana,Jangada,7,0,0,7
25/05/2020,Pontes e Lacerda,Jauru,3,0,0,3
25/05/2020,Juara,Juara,1,0,0,1
25/05/2020,Juina,Juina,5,0,1,6
25/05/2020,Rondonopolis,Juscimeira,0,2,0,2
25/05/2020,Caceres,Lambari do Oeste,0,1,0,1
25/05/2020,Sinop,Lucas do Rio Verde,33,11,2,46
25/05/2020,Sao Felix do Araguaia,Luciara,1,0,0,1
25/05/2020,Colider,Marcelandia,2,0,0,2
25/05/2020,Peixoto de Azevedo,Matupa,4,0,0,4
25/05/2020,Caceres,Mirassol do Oeste,2,7,1,10
25/05/2020,Diamantino,Nobres,0,1,0,1
25/05/2020,Baixada Cuiabana,Nossa Senhora do Livramento,2,1,0,3
25/05/2020,Pontes e Lacerda,Nova Lacerda,3,1,0,4
25/05/2020,Alta Floresta,Nova Monte Verde,0,1,0,1
25/05/2020,Sinop,Nova Mutum,8,10,1,19
25/05/2020,Tangara da Serra,Nova Olimpia,2,0,0,2
25/05/2020,Sinop,Nova Ubirata,5,0,0,5
25/05/2020,Barra do Garcas,Nova Xavantina,1,0,0,1
25/05/2020,Peixoto de Azevedo,Novo Mundo,1,0,0,1
25/05/2020,Rondonopolis,Pedra Preta,2,0,0,2
25/05/2020,Peixoto de Azevedo,Peixoto de Azevedo,7,14,0,21
25/05/2020,Baixada Cuiabana,Pocone,1,2,0,3
25/05/2020,Barra do Garcas,Pontal do Araguaia,4,1,0,5
25/05/2020,Barra do Garcas,Ponte Branca,0,0,1,1
25/05/2020,Pontes e Lacerda,Pontes e Lacerda,16,1,1,18
25/05/2020,Porto Alegre do Norte,Porto Alegre do Norte,2,0,0,2
25/05/2020,Rondonopolis,Poxoreu,0,2,0,2
25/05/2020,Rondonopolis,Primavera do Leste,67,10,0,77
25/05/2020,Agua Boa,Querencia,10,4,1,15
25/05/2020,Agua Boa,Ribeirao Cascalheira,5,0,0,5
25/05/2020,Caceres,Rio Branco,1,2,0,3
25/05/2020,Pontes e Lacerda,Rondolandia,0,2,0,2
25/05/2020,Rondonopolis,Rondonopolis,80,47,3,130
25/05/2020,Diamantino,Rosario Oeste,12,23,0,35
25/05/2020,Sinop,Santa Rita do Trivelato,1,0,0,1
25/05/2020,Baixada Cuiabana,Santo Antonio do Leverger,2,1,0,3
25/05/2020,Sao Felix do Araguaia,Sao Felix do Araguaia,1,0,0,1
25/05/2020,Rondonopolis,Sao Jose do Povo,1,0,0,1
25/05/2020,Porto Alegre do Norte,Sao Jose do Xingu,1,0,0,1
25/05/2020,Caceres,Sao Jose dos Quatro Marcos,1,5,0,6
25/05/2020,Rondonopolis,Sao Pedro da Cipa,3,2,1,6
25/05/2020,Tangara da Serra,Sapezal,4,1,0,5
25/05/2020,Sinop,Sinop,14,18,2,34
25/05/2020,Sinop,Sorriso,25,12,0,37
25/05/2020,Tangara da Serra,Tangara da Serra,48,29,0,77
25/05/2020,Sinop,Tapurah,10,0,0,10
25/05/2020,Peixoto de Azevedo,Terra Nova do Norte,1,0,0,1
25/05/2020,Sinop,Uniao do Sul,0,1,0,1
25/05/2020,Pontes e Lacerda,Vale de Sao Domingos,0,1,1,2
25/05/2020,Baixada Cuiabana,Varzea Grande,103,45,7,155
25/05/2020,Sinop,Vera,1,0,0,1
25/05/2020,Pontes e Lacerda,Vila Bela da Santissima Trindade,2,0,0,2
25/05/2020,Porto Alegre do Norte,Vila Rica,7,0,0,7
